Participant ID,Video file,Gloss,ASL-LEX Code
P1,14154575310664197-NICE.mp4,NICE,G_03_059
P1,16994877911771145-WE.mp4,WE,G_03_019
P1,6508465822424006-THANK YOU.mp4,THANKYOU,H_02_053
P40,18199086230023087-NICE.mp4,NICE,G_03_059
P40,5346957049353451-WE.mp4,WE,G_03_019
P40,7535449770372906-THANK YOU.mp4,THANKYOU,H_02_053
P40,8848744369087989-NEED.mp4,NEED,C_02_034
P40,4614534315577101-NOW.mp4,NOW,C_03_062
P40,051465824178710706-TELL.mp4,TELL,C_02_013
P40,7815897175027569-YESTERDAY.mp4,YESTERDAY,D_01_024
P40,5082858473744953-NO.mp4,NO,C_03_041
P40,33093247095464684-GIRL.mp4,GIRL,C_03_073
P40,16884356585373195-EASY.mp4,EASY,D_01_070
P40,3380520143388104-SCHOOL.mp4,SCHOOL,C_03_089
P40,09480001149764816-MEET.mp4,MEET,D_02_018
P40,3845231217942484-FRIEND.mp4,FRIEND,D_03_010
P40,27759670594914465-CAR.mp4,CAR,D_02_043
P40,9404479880375034-BYE.mp4,BYE,E_01_058
P40,2111386793579384-BUSY.mp4,BUSY,E_02_040
P40,48852938778695965-LIKE.mp4,LIKE,F_03_063
P40,2595760307657029-THEY.mp4,THEY1,F_02_103
P40,574135060517232-EVERYTHING.mp4,EVERYTHING,F_03_084
P43,3597949009905055-NICE.mp4,NICE,G_03_059
P43,193766215011427-WE.mp4,WE,G_03_019
P43,014439537236845323-THANK YOU.mp4,THANKYOU,H_02_053
P43,2957896307414234-NEED.mp4,NEED,C_02_034
P43,945060415448846-NOW.mp4,NOW,C_03_062
P40,7717057217254395-THEY.mp4,THEY1,F_02_103
P43,682290148919185-TELL.mp4,TELL,C_02_013
P43,24193734646812537-YESTERDAY.mp4,YESTERDAY,D_01_024
P43,5372668319999747-NO.mp4,NO,C_03_041
P40,5628156573374106-TODAY.mp4,TODAY,E_02_006
P43,7064746790954382-GIRL.mp4,GIRL,C_03_073
P43,2873737968249803-EASY.mp4,EASY,D_01_070
P43,09891286692753609-SCHOOL.mp4,SCHOOL,C_03_089
P43,41405801734964043-MEET.mp4,MEET,D_02_018
P40,8582421156380451-STUDY.mp4,STUDY,G_01_090
P40,24627319624614907-CITY 2.mp4,CITY2,K_02_076
P40,5363852654946244-GO.mp4,GO,C_03_056
P40,1977023637643942-ALL.mp4,ALL,C_03_088
P40,23481071177880364-FINE.mp4,FINE1,C_01_043
P40,7666802297995068-HOW.mp4,HOW1,D_02_082
P40,01440664777989098-BABY 2.mp4,BABY2,K_01_042
P40,09459364825922179-NIGHT.mp4,NIGHT1,A_01_003
P40,33973508233400795-HEAR 2.mp4,HEAR2,J_02_006
P40,9348982750659371-DOCTOR 2.mp4,DOCTOR2,K_03_015
P40,23678765057172724-FAST.mp4,FAST,C_03_016
P40,16617331553945736-STOP.mp4,STOP,D_01_010
P40,37048216582837923-MONEY 2.mp4,MONEY2,K_01_104
P40,22807949601628086-REMEMBER.mp4,REMEMBER2,C_02_014
P40,427530694463526-SEE.mp4,SEE,C_02_030
P40,9283252416206405-NEVER.mp4,NEVER,C_02_079
P40,5942910381149817-THINK.mp4,THINK,C_03_053
P40,5278443932118966-SMALL.mp4,SMALL,D_01_030
P40,011439809438488657-WHAT 2.mp4,WHAT1,D_02_094
P40,48930015457823384-FEW.mp4,FEW,C_02_067
P40,9968445071273833-COUNTRY.mp4,COUNTRY,C_03_058
P40,8761272343943907-COME.mp4,COME,C_03_074
P40,19978233231036002-WRITE.mp4,WRITE,D_01_051
P40,03614528075010082-BUY.mp4,BUY,D_03_074
P40,1707550229411383-HATE.mp4,HATE,F_02_078
P40,241335509121118-HOT.mp4,HOT,F_02_093
P40,8444466395156511-OK.mp4,OK,F_03_080
P40,6761534511903275-GIVE.mp4,GIVE,F_01_023
P40,515981894493013-TAKE.mp4,TAKE,G_01_093
P40,22231383812312244-TOMORROW.mp4,TOMORROW,F_02_040
P40,1555998439795525-YES.mp4,YES,G_03_074
P40,9985415747245623-ALWAYS.mp4,ALWAYS,J_03_076
P40,7278194454734639-WOMAN 2.mp4,WOMAN2,K_01_101
P40,17063504743468516-DRINK 2.mp4,DRINK2,K_03_092
P43,3115705696578963-FRIEND.mp4,FRIEND,D_03_010
P43,3058482916099612-CAR.mp4,CAR,D_02_043
P43,8852825102646966-BYE.mp4,BYE,E_01_058
P43,8099384194622918-BUSY.mp4,BUSY,E_02_040
P43,2935343968735329-LIKE.mp4,LIKE,F_03_063
P43,26657946023294365-THEY.mp4,THEY1,F_02_103
P43,9556009320612708-EVERYTHING.mp4,EVERYTHING,F_03_084
P43,9566049112694803-THEY.mp4,THEY1,F_02_103
P43,04763398685641884-TODAY.mp4,TODAY,E_02_006
P40,4701606875522637-BOY.mp4,BOY,B_02_090
P40,5230904219364878-SISTER.mp4,SISTER,D_03_050
P40,4311917411154673-HAPPY.mp4,HAPPY,C_03_078
P40,5237431195885818-EAT.mp4,EAT1,B_02_002
P40,8701465924878977-COLD.mp4,COLD,C_02_068
P40,3979542273376353-DIFFERENT.mp4,DIFFERENT,E_03_095
P40,3624106996012926-MOTHER.mp4,MOTHER,B_02_008
P40,6781008345337096-SLOW.mp4,SLOW,B_02_041
P40,13498585088047066-BROTHER.mp4,BROTHER,B_01_065
P40,021113914252494537-PEOPLE.mp4,PEOPLE,C_01_009
P40,1994115335737141-FINISH.mp4,FINISH,B_03_025
P40,33555147348315106-EAT.mp4,EAT1,B_02_002
P40,9265869776877644-FATHER.mp4,FATHER,B_01_077
P40,23627306204455656-FAMILY.mp4,FAMILY,C_01_025
P40,7256673521593155-SORRY.mp4,SORRY,C_01_020
P40,22682052489427296-DAY.mp4,DAY,C_01_044
P40,08524949524247205-HUNGRY.mp4,HUNGRY,C_01_010
P40,8413854167861541-BORED.mp4,BORED1,B_01_017
P40,5199177562877719-GOOD.mp4,GOOD,B_01_052
P40,6433677117622094-LEARN.mp4,LEARN,B_01_042
P40,46577961099474163-MAN.mp4,MAN,C_01_040
P40,16441722629236466-FEEL.mp4,FEEL,C_02_001
P40,4782730717831809-PLEASE.mp4,PLEASE,B_02_007
P40,9574229853297838-WHERE.mp4,WHERE,B_02_035
P40,6741912564576187-FINE.mp4,FINE1,C_01_043
P40,8385294089384643-MORE.mp4,MORE,B_03_032
P40,33588311612630184-HARD.mp4,HARD,C_01_036
P40,603452666892295-TIME.mp4,TIME,B_02_080
P40,9770599529725736-YEAR.mp4,YEAR,B_02_015
P40,10912966695485293-WHICH.mp4,WHICH,B_01_088
P40,17383536861491344-WHO.mp4,WHO,C_01_041
P40,41374941112749775-MAYBE.mp4,MAYBE,B_03_022
P40,45850991964011034-NAME.mp4,NAME,D_01_021
P40,7885296477376487-WHY.mp4,WHY,D_01_067
P40,0022932153577568393-HELLO.mp4,HELLO,D_02_055
P40,5795834263184414-WHEN.mp4,WHEN,C_03_086
P40,8861180879289117-LATER.mp4,LATER,D_01_077
P40,7590157290604365-YOU.mp4,YOU,D_02_065
P40,3076721990283171-WANT 2.mp4,WANT1,E_01_025
P40,0010547472856581308-BIG.mp4,BIG,F_02_054
P40,335915499727792-HE.mp4,HE,F_02_044
P40,864908228939657-NIGHT.mp4,NIGHT1,A_01_003
P40,5416242059836718-STUDENT.mp4,STUDENT,A_02_012
P40,30963812063860874-MONTH.mp4,MONTH,A_01_073
P40,2529267475456003-COMPUTER.mp4,COMPUTER,A_01_054
P40,26739488577485493-BOOK.mp4,BOOK,A_01_027
P14,7872066695539279-STUDY.mp4,STUDY,G_01_090
P14,019573978156297578-CITY 2.mp4,CITY2,K_02_076
P14,2290456408074184-GO.mp4,GO,C_03_056
P14,06327853237943692-ALL.mp4,ALL,C_03_088
P14,7081997886148117-FINE.mp4,FINE1,C_01_043
P14,9117355925466168-HOW.mp4,HOW1,D_02_082
P14,9126495279932256-BABY 2.mp4,BABY2,K_01_042
P40,9606737155753842-FINE.mp4,FINE1,C_01_043
P40,9811460119529283-HOW.mp4,HOW1,D_02_082
P40,1642084105825128-BABY 2.mp4,BABY2,K_01_042
P40,31514063915992985-NIGHT.mp4,NIGHT1,A_01_003
P40,6200599912746265-HEAR 2.mp4,HEAR2,J_02_006
P40,01763316669214965-DOCTOR 2.mp4,DOCTOR2,K_03_015
P40,2603033322019441-FAST.mp4,FAST,C_03_016
P40,07893366237759558-STOP.mp4,STOP,D_01_010
P40,6773066510486812-MONEY 2.mp4,MONEY2,K_01_104
P40,22557588909046955-REMEMBER.mp4,REMEMBER2,C_02_014
P40,4342737241901915-SEE.mp4,SEE,C_02_030
P40,22120236172200158-NEVER.mp4,NEVER,C_02_079
P40,5977762842020984-THINK.mp4,THINK,C_03_053
P40,5446958870984302-SMALL.mp4,SMALL,D_01_030
P40,027816838285841916-WHAT 2.mp4,WHAT1,D_02_094
P40,006384257747789057-FEW.mp4,FEW,C_02_067
P40,6849051691440626-COUNTRY.mp4,COUNTRY,C_03_058
P40,9733473831041732-COME.mp4,COME,C_03_074
P40,2570647676865354-WRITE.mp4,WRITE,D_01_051
P40,1394181455579162-BUY.mp4,BUY,D_03_074
P40,4913688086330612-HATE.mp4,HATE,F_02_078
P40,13316006185127205-HOT.mp4,HOT,F_02_093
P37,6280906175309462-NIGHT.mp4,NIGHT1,A_01_003
P37,20910643157904762-HEAR 2.mp4,HEAR2,J_02_006
P37,7608168199749585-DOCTOR 2.mp4,DOCTOR2,K_03_015
P37,4355232918135832-FAST.mp4,FAST,C_03_016
P37,8893256597213444-STOP.mp4,STOP,D_01_010
P37,4158152912428734-MONEY 2.mp4,MONEY2,K_01_104
P37,3463923454219011-REMEMBER.mp4,REMEMBER2,C_02_014
P37,01973467612046309-SEE.mp4,SEE,C_02_030
P37,8916270993084592-NEVER.mp4,NEVER,C_02_079
P37,32286789380855874-THINK.mp4,THINK,C_03_053
P37,43505759423144474-SMALL.mp4,SMALL,D_01_030
P37,8405493387581946-WHAT 2.mp4,WHAT1,D_02_094
P37,8718307226796662-FEW.mp4,FEW,C_02_067
P37,753471008749121-COUNTRY.mp4,COUNTRY,C_03_058
P37,3537345851274545-COME.mp4,COME,C_03_074
P37,7241712002802467-WRITE.mp4,WRITE,D_01_051
P37,2174130301482664-BUY.mp4,BUY,D_03_074
P37,5481035187640684-HATE.mp4,HATE,F_02_078
P37,7416561706981699-HOT.mp4,HOT,F_02_093
P37,8699676621201298-OK.mp4,OK,F_03_080
P37,8799499585540838-GIVE.mp4,GIVE,F_01_023
P37,1072225635555093-TAKE.mp4,TAKE,G_01_093
P37,4362793797127771-TOMORROW.mp4,TOMORROW,F_02_040
P37,44146024789241256-YES.mp4,YES,G_03_074
P37,15607306560819167-ALWAYS.mp4,ALWAYS,J_03_076
P37,36803371518328487-WOMAN 2.mp4,WOMAN2,K_01_101
P37,2789046705437668-DRINK 2.mp4,DRINK2,K_03_092
P37,1845988193133219-BOY.mp4,BOY,B_02_090
P37,697764467890001-SISTER.mp4,SISTER,D_03_050
P37,9858325161708861-HAPPY.mp4,HAPPY,C_03_078
P37,3878260902223658-EAT.mp4,EAT1,B_02_002
P37,27259190630226193-COLD.mp4,COLD,C_02_068
P37,9151466310951184-YOUR.mp4,YOUR,F_01_052
P37,40476184301049223-DIFFERENT.mp4,DIFFERENT,E_03_095
P37,9459864504023865-WELCOME 2.mp4,WELCOME1,
P37,9303557889829679-MOTHER.mp4,MOTHER,B_02_008
P37,4821487626510894-SLOW.mp4,SLOW,B_02_041
P37,4649907997271234-BROTHER.mp4,BROTHER,B_01_065
P37,2624678001511518-PEOPLE.mp4,PEOPLE,C_01_009
P37,5726531690314898-FINISH.mp4,FINISH,B_03_025
P37,4589443576656864-EAT.mp4,EAT1,B_02_002
P37,3512784023936262-FATHER.mp4,FATHER,B_01_077
P37,6333838161696508-FAMILY.mp4,FAMILY,C_01_025
P37,8989337086309281-SORRY.mp4,SORRY,C_01_020
P37,5240267173967887-DAY.mp4,DAY,C_01_044
P37,7518611049674775-HUNGRY.mp4,HUNGRY,C_01_010
P37,6012238095404652-BORED.mp4,BORED1,B_01_017
P37,7085041042230886-GOOD.mp4,GOOD,B_01_052
P37,003104967374903289-LEARN.mp4,LEARN,B_01_042
P37,1300301228681695-MAN.mp4,MAN,C_01_040
P37,4560608489469089-FEEL.mp4,FEEL,C_02_001
P37,04515307711600891-PLEASE.mp4,PLEASE,B_02_007
P37,9824526442836845-WHERE.mp4,WHERE,B_02_035
P37,4326169993763198-FINE.mp4,FINE1,C_01_043
P37,7168321371853796-MORE.mp4,MORE,B_03_032
P37,5975068622167394-HARD.mp4,HARD,C_01_036
P37,8056235018969913-TIME.mp4,TIME,B_02_080
P37,6542147977884243-YEAR.mp4,YEAR,B_02_015
P37,591140682226134-WHICH.mp4,WHICH,B_01_088
P37,22349971035391758-WHO.mp4,WHO,C_01_041
P37,5362769992680791-MAYBE.mp4,MAYBE,B_03_022
P37,9125300798453833-NAME.mp4,NAME,D_01_021
P37,8351529407222296-WHY.mp4,WHY,D_01_067
P37,8486809407942575-HELLO.mp4,HELLO,D_02_055
P37,01798723214383169-WHEN.mp4,WHEN,C_03_086
P37,8320934408924416-LATER.mp4,LATER,D_01_077
P37,08882787638193945-YOU.mp4,YOU,D_02_065
P37,8635216593391397-WANT 2.mp4,WANT1,E_01_025
P37,8852853673281356-TEACHER.mp4,TEACHER,A_02_033
P37,62983148818386-BIG.mp4,BIG,F_02_054
P37,8565239257906878-NICE.mp4,NICE,G_03_059
P37,274934874875824-WE.mp4,WE,G_03_019
P37,15769775934939156-THANK YOU.mp4,THANKYOU,H_02_053
P37,28071486967073533-NEED.mp4,NEED,C_02_034
P37,404670456586959-NOW.mp4,NOW,C_03_062
P37,9546720188783062-TELL.mp4,TELL,C_02_013
P37,5250104606145489-YESTERDAY.mp4,YESTERDAY,D_01_024
P37,09714329486323847-NO.mp4,NO,C_03_041
P37,06888060382968919-GIRL.mp4,GIRL,C_03_073
P37,11371494843142349-EASY.mp4,EASY,D_01_070
P37,8638262994392436-SCHOOL.mp4,SCHOOL,C_03_089
P37,22889612387878833-MEET.mp4,MEET,D_02_018
P37,06432011024096629-FRIEND.mp4,FRIEND,D_03_010
P37,6377145774354793-CAR.mp4,CAR,D_02_043
P38,7921297303573938-LIKE.mp4,LIKE,F_03_063
P38,9802753357268721-THEY.mp4,THEY1,F_02_103
P38,26057875460860425-EVERYTHING.mp4,EVERYTHING,F_03_084
P34,5654281824131167-TODAY.mp4,TODAY,E_02_006
P34,21500738701557953-STUDY.mp4,STUDY,G_01_090
P34,6529086386636707-CITY 2.mp4,CITY2,K_02_076
P34,47175728440552755-GO.mp4,GO,C_03_056
P34,08327228555001609-ALL.mp4,ALL,C_03_088
P34,8668045089043974-OK.mp4,OK,F_03_080
P34,5657005340369723-GIVE.mp4,GIVE,F_01_023
P34,9368256240098554-TAKE.mp4,TAKE,G_01_093
P34,8749149490186505-TOMORROW.mp4,TOMORROW,F_02_040
P34,16728596536749274-YES.mp4,YES,G_03_074
P34,23489149176046498-ALWAYS.mp4,ALWAYS,J_03_076
P34,23816999184777976-WOMAN 2.mp4,WOMAN2,K_01_101
P7,3909320209952225-YOUR.mp4,YOUR,F_01_052
P7,3450925010970334-DIFFERENT.mp4,DIFFERENT,E_03_095
P7,22125422555983953-WELCOME 2.mp4,WELCOME1,
P7,3997168861475149-HE.mp4,HE,F_02_044
P7,09421450639596118-NIGHT.mp4,NIGHT1,A_01_003
P7,7055436665641321-STUDENT.mp4,STUDENT,A_02_012
P7,6826540772440661-MONTH.mp4,MONTH,A_01_073
P7,00717587882424664-COMPUTER.mp4,COMPUTER,A_01_054
P7,8093798343741647-BOOK.mp4,BOOK,A_01_027
P7,05517664563791591-TEACHER.mp4,TEACHER,A_02_033
P7,594799660772781-MOTHER.mp4,MOTHER,B_02_008
P7,735841728723114-SLOW.mp4,SLOW,B_02_041
P7,5300191533671401-BROTHER.mp4,BROTHER,B_01_065
P7,7140768957562555-PEOPLE.mp4,PEOPLE,C_01_009
P7,6209651921836459-FINISH.mp4,FINISH,B_03_025
P7,3407129339550383-EAT.mp4,EAT1,B_02_002
P7,5683249939832291-FATHER.mp4,FATHER,B_01_077
P7,5231117289015388-FAMILY.mp4,FAMILY,C_01_025
P7,62778761952392-SORRY.mp4,SORRY,C_01_020
P7,2127361825953915-DAY.mp4,DAY,C_01_044
P7,3031010038877062-HUNGRY.mp4,HUNGRY,C_01_010
P7,1372700336627466-BORED.mp4,BORED1,B_01_017
P7,5948912677856568-GOOD.mp4,GOOD,B_01_052
P7,2918614747304418-LEARN.mp4,LEARN,B_01_042
P7,4036426039691503-MAN.mp4,MAN,C_01_040
P7,47007106825738343-FEEL.mp4,FEEL,C_02_001
P7,31545854783740124-PLEASE.mp4,PLEASE,B_02_007
P7,7968041209479837-WHERE.mp4,WHERE,B_02_035
P7,4373322507640063-FINE.mp4,FINE1,C_01_043
P7,19756865098292908-MORE.mp4,MORE,B_03_032
P7,9467762244571682-HARD.mp4,HARD,C_01_036
P7,6568502454895795-TIME.mp4,TIME,B_02_080
P7,6963469295518416-YEAR.mp4,YEAR,B_02_015
P7,09249006308823682-WHICH.mp4,WHICH,B_01_088
P7,044977332478077336-WHO.mp4,WHO,C_01_041
P7,07634524313415914-MAYBE.mp4,MAYBE,B_03_022
P37,9540803227058581-HE.mp4,HE,F_02_044
P37,9789286217696351-NIGHT.mp4,NIGHT1,A_01_003
P37,33442221489032753-STUDENT.mp4,STUDENT,A_02_012
P37,7478878982813382-MONTH.mp4,MONTH,A_01_073
P37,047487125393855356-COMPUTER.mp4,COMPUTER,A_01_054
P37,8258920636382685-BOOK.mp4,BOOK,A_01_027
P37,5723102083146778-BYE.mp4,BYE,E_01_058
P37,9905610324350711-BUSY.mp4,BUSY,E_02_040
P37,8999403469318679-THEY.mp4,THEY1,F_02_103
P51,7652691083354926-YOUR.mp4,YOUR,F_01_052
P51,1672984747329458-WELCOME 2.mp4,WELCOME1,
P51,33789633569338906-HE.mp4,HE,F_02_044
P51,06071790828062662-NIGHT.mp4,NIGHT1,A_01_003
P51,5360537085437711-STUDENT.mp4,STUDENT,A_02_012
P51,49212530571549884-MONTH.mp4,MONTH,A_01_073
P51,7830052444646307-COMPUTER.mp4,COMPUTER,A_01_054
P51,9654484282818483-BOOK.mp4,BOOK,A_01_027
P51,47124841081350866-TEACHER.mp4,TEACHER,A_02_033
P7,20739960328931106-NAME.mp4,NAME,D_01_021
P7,41986547104124017-WHY.mp4,WHY,D_01_067
P7,7613696736100914-HELLO.mp4,HELLO,D_02_055
P7,7524645430552388-WHEN.mp4,WHEN,C_03_086
P7,07873167158396233-LATER.mp4,LATER,D_01_077
P7,5547769757240029-YOU.mp4,YOU,D_02_065
P7,7637262020700946-WANT 2.mp4,WANT1,E_01_025
P7,8003555877371669-FINE.mp4,FINE1,C_01_043
P7,948548155363955-HOW.mp4,HOW1,D_02_082
P7,1382803573526168-BABY 2.mp4,BABY2,K_01_042
P37,4320670014874919-FINE.mp4,FINE1,C_01_043
P37,22306165813631562-HOW.mp4,HOW1,D_02_082
P37,42941739924172295-BABY 2.mp4,BABY2,K_01_042
P37,6408927707140595-LIKE.mp4,LIKE,F_03_063
P37,8679293440719862-THEY.mp4,THEY1,F_02_103
P37,584165310427345-EVERYTHING.mp4,EVERYTHING,F_03_084
P43,23481839806379456-HEAR 2.mp4,HEAR2,J_02_006
P43,06665083636643021-DOCTOR 2.mp4,DOCTOR2,K_03_015
P37,17171010348827442-TODAY.mp4,TODAY,E_02_006
P37,29162884683589496-STUDY.mp4,STUDY,G_01_090
P37,605284070797868-CITY 2.mp4,CITY2,K_02_076
P37,19142855644010948-GO.mp4,GO,C_03_056
P37,2845953650416435-ALL.mp4,ALL,C_03_088
P37,07723402819615632-FAST.mp4,FAST,C_03_016
P37,6529230226346452-STOP.mp4,STOP,D_01_010
P37,37417832351505687-MONEY 2.mp4,MONEY2,K_01_104
P37,6806750611331462-REMEMBER.mp4,REMEMBER2,C_02_014
P37,2739015087815422-SEE.mp4,SEE,C_02_030
P37,4719420131799379-NEVER.mp4,NEVER,C_02_079
P37,2736869319842712-THINK.mp4,THINK,C_03_053
P37,5322570103859836-SMALL.mp4,SMALL,D_01_030
P37,2833503746558905-WHAT 2.mp4,WHAT1,D_02_094
P37,9473464557246889-FEW.mp4,FEW,C_02_067
P37,5747790634584196-COUNTRY.mp4,COUNTRY,C_03_058
P37,0165763043403353-COME.mp4,COME,C_03_074
P37,9959384247496594-WRITE.mp4,WRITE,D_01_051
P37,9472641183676052-BUY.mp4,BUY,D_03_074
P37,056742150623056764-HATE.mp4,HATE,F_02_078
P37,23047642101573373-HOT.mp4,HOT,F_02_093
P37,17379769097110098-OK.mp4,OK,F_03_080
P37,39549485976085896-GIVE.mp4,GIVE,F_01_023
P37,6127967104764245-TAKE.mp4,TAKE,G_01_093
P37,19770410991779142-TOMORROW.mp4,TOMORROW,F_02_040
P37,8699610978899361-YES.mp4,YES,G_03_074
P37,9819153446037916-ALWAYS.mp4,ALWAYS,J_03_076
P37,8679871176826335-WOMAN 2.mp4,WOMAN2,K_01_101
P14,04251771279467076-FAST.mp4,FAST,C_03_016
P14,6679488064816475-STOP.mp4,STOP,D_01_010
P14,7444894646061984-MONEY 2.mp4,MONEY2,K_01_104
P14,6536264066731292-REMEMBER.mp4,REMEMBER2,C_02_014
P14,6126331658791906-SEE.mp4,SEE,C_02_030
P14,48607482705788607-NEVER.mp4,NEVER,C_02_079
P14,7219677772800852-THINK.mp4,THINK,C_03_053
P14,12263814955166064-SMALL.mp4,SMALL,D_01_030
P14,0628291186114378-WHAT 2.mp4,WHAT1,D_02_094
P14,14411107759585695-FEW.mp4,FEW,C_02_067
P14,9521783113011786-COUNTRY.mp4,COUNTRY,C_03_058
P14,27472288337812434-COME.mp4,COME,C_03_074
P14,16452616343668436-WRITE.mp4,WRITE,D_01_051
P14,9511991641948525-BUY.mp4,BUY,D_03_074
P14,8314316147465439-HATE.mp4,HATE,F_02_078
P14,8421220383934189-HOT.mp4,HOT,F_02_093
P14,6785114540405601-OK.mp4,OK,F_03_080
P14,2495443890240825-GIVE.mp4,GIVE,F_01_023
P14,42788073545628125-TAKE.mp4,TAKE,G_01_093
P14,9924885587671943-TOMORROW.mp4,TOMORROW,F_02_040
P14,38970444942928073-YES.mp4,YES,G_03_074
P14,3025077004187282-HAPPY.mp4,HAPPY,C_03_078
P14,5847293981432022-EAT.mp4,EAT1,B_02_002
P14,11466999035726255-COLD.mp4,COLD,C_02_068
P14,5984958993020424-BIG.mp4,BIG,F_02_054
P36,30572430340937906-BIG.mp4,BIG,F_02_054
P36,951965116580737-NEED.mp4,NEED,C_02_034
P36,7793308929136242-NOW.mp4,NOW,C_03_062
P36,9517356256695517-TELL.mp4,TELL,C_02_013
P36,8671480886168847-YESTERDAY.mp4,YESTERDAY,D_01_024
P36,3919396171653571-NO.mp4,NO,C_03_041
P36,06160559840068669-GIRL.mp4,GIRL,C_03_073
P36,6115173784330921-EASY.mp4,EASY,D_01_070
P36,16180206221904592-SCHOOL.mp4,SCHOOL,C_03_089
P36,390260229135035-MEET.mp4,MEET,D_02_018
P36,9999305556908715-FRIEND.mp4,FRIEND,D_03_010
P36,4642218872328543-CAR.mp4,CAR,D_02_043
P36,048776623388550044-BYE.mp4,BYE,E_01_058
P36,7274963623472752-BUSY.mp4,BUSY,E_02_040
P38,27103389535111955-DRINK 2.mp4,DRINK2,K_03_092
P38,8604919873971555-DAY.mp4,DAY,C_01_044
P43,42284981094391094-DRINK 2.mp4,DRINK2,K_03_092
P43,33248134847065836-DAY.mp4,DAY,C_01_044
P43,38799379375716403-ALWAYS.mp4,ALWAYS,J_03_076
P7,09185137973370061-BOY.mp4,BOY,B_02_090
P7,5049858314243783-SISTER.mp4,SISTER,D_03_050
P7,11309810402342868-MEET.mp4,MEET,D_02_018
P7,913598030683759-TODAY.mp4,TODAY,E_02_006
P32,19741660770603775-YOUR.mp4,YOUR,F_01_052
P32,5538288174206061-DIFFERENT.mp4,DIFFERENT,E_03_095
P32,899168979995945-WELCOME 2.mp4,WELCOME1,
P36,8398312100057683-MORE.mp4,MORE,B_03_032
P36,032556435071625645-HARD.mp4,HARD,C_01_036
P36,945208701210648-TIME.mp4,TIME,B_02_080
P36,250579426738303-YEAR.mp4,YEAR,B_02_015
P36,7692089516377616-WHICH.mp4,WHICH,B_01_088
P36,18521627111046346-WHO.mp4,WHO,C_01_041
P36,7008751078684894-MAYBE.mp4,MAYBE,B_03_022
P36,07550237967516482-NAME.mp4,NAME,D_01_021
P36,5236898172561582-WHY.mp4,WHY,D_01_067
P41,25802117645943423-HELLO.mp4,HELLO,D_02_055
P2,782941320203238-WHEN.mp4,WHEN,C_03_086
P2,2411004090629114-LATER.mp4,LATER,D_01_077
P2,677386009297865-YOU.mp4,YOU,D_02_065
P2,8485035331460282-WANT 2.mp4,WANT1,E_01_025
P2,2575780253377702-NICE.mp4,NICE,G_03_059
P2,36753258402615074-WE.mp4,WE,G_03_019
P2,021145910536055412-THANK YOU.mp4,THANKYOU,H_02_053
P2,23302415519785113-NEED.mp4,NEED,C_02_034
P2,8445754712023406-NOW.mp4,NOW,C_03_062
P2,03799834629318344-TELL.mp4,TELL,C_02_013
P2,9746509820351381-YESTERDAY.mp4,YESTERDAY,D_01_024
P2,7973429116215278-NO.mp4,NO,C_03_041
P2,5445728412642656-GIRL.mp4,GIRL,C_03_073
P2,08338951361487168-EASY.mp4,EASY,D_01_070
P2,06483601782154702-SCHOOL.mp4,SCHOOL,C_03_089
P2,5628600109737771-BUSY.mp4,BUSY,E_02_040
P16,16042335211526892-WOMAN 2.mp4,WOMAN2,K_01_101
P16,972961297591985-DRINK 2.mp4,DRINK2,K_03_092
P16,3882428949192609-BOY.mp4,BOY,B_02_090
P16,2672044999092307-SISTER.mp4,SISTER,D_03_050
P16,8822793673438183-HAPPY.mp4,HAPPY,C_03_078
P16,8083635818179542-EAT.mp4,EAT1,B_02_002
P16,6864880477398156-COLD.mp4,COLD,C_02_068
P16,4175719914055973-YOUR.mp4,YOUR,F_01_052
P16,7644545089589412-DIFFERENT.mp4,DIFFERENT,E_03_095
P16,7747039358965744-WELCOME 2.mp4,WELCOME1,
P16,2147980308534052-HE.mp4,HE,F_02_044
P16,21963951449567354-MONTH.mp4,MONTH,A_01_073
P16,47930207467201935-COMPUTER.mp4,COMPUTER,A_01_054
P16,8534387373665198-BOOK.mp4,BOOK,A_01_027
P16,923106956330964-TEACHER.mp4,TEACHER,A_02_033
P16,4465911028936387-MOTHER.mp4,MOTHER,B_02_008
P16,8564819819245386-SLOW.mp4,SLOW,B_02_041
P16,4684116630451267-BROTHER.mp4,BROTHER,B_01_065
P16,8402522107859758-PEOPLE.mp4,PEOPLE,C_01_009
P16,36755244520541575-FINISH.mp4,FINISH,B_03_025
P16,30674313805858255-FATHER.mp4,FATHER,B_01_077
P16,17688969691666112-FAMILY.mp4,FAMILY,C_01_025
P16,46389552341659956-SORRY.mp4,SORRY,C_01_020
P16,6369569351542994-DAY.mp4,DAY,C_01_044
P16,0036168932795541675-HUNGRY.mp4,HUNGRY,C_01_010
P16,1651532290149189-BORED.mp4,BORED1,B_01_017
P16,7988103105967095-GOOD.mp4,GOOD,B_01_052
P16,8356772257248806-LEARN.mp4,LEARN,B_01_042
P16,20688738499250947-MAN.mp4,MAN,C_01_040
P16,7320835026313446-FEEL.mp4,FEEL,C_02_001
P16,95072139344285-PLEASE.mp4,PLEASE,B_02_007
P16,7750734997528588-WHERE.mp4,WHERE,B_02_035
P16,2474722734260606-FINE.mp4,FINE1,C_01_043
P16,033095312435714064-MORE.mp4,MORE,B_03_032
P16,41796676517799547-HARD.mp4,HARD,C_01_036
P16,6967706324190324-TIME.mp4,TIME,B_02_080
P16,07206160521140825-YEAR.mp4,YEAR,B_02_015
P16,40059214149507016-WHICH.mp4,WHICH,B_01_088
P16,9816718901577759-WHO.mp4,WHO,C_01_041
P16,8747461687045561-MAYBE.mp4,MAYBE,B_03_022
P16,45143019985078214-NAME.mp4,NAME,D_01_021
P16,7317136659517625-WHY.mp4,WHY,D_01_067
P16,0755679379568106-HELLO.mp4,HELLO,D_02_055
P16,4307738435108923-WHEN.mp4,WHEN,C_03_086
P16,5484175065329109-LATER.mp4,LATER,D_01_077
P16,6515372118413638-YOU.mp4,YOU,D_02_065
P16,08375958886756041-WANT 2.mp4,WANT1,E_01_025
P16,7266634930515181-BIG.mp4,BIG,F_02_054
P16,48644253199320775-NICE.mp4,NICE,G_03_059
P16,7484839279145117-WE.mp4,WE,G_03_019
P16,031705941185190545-THANK YOU.mp4,THANKYOU,H_02_053
P16,3092044477927096-NEED.mp4,NEED,C_02_034
P16,9046369726997978-NOW.mp4,NOW,C_03_062
P16,3377761068886662-TELL.mp4,TELL,C_02_013
P16,5622664159943058-YESTERDAY.mp4,YESTERDAY,D_01_024
P16,2140134632834978-NO.mp4,NO,C_03_041
P16,6475683690343805-GIRL.mp4,GIRL,C_03_073
P16,2691234998843828-EASY.mp4,EASY,D_01_070
P16,4910072855291485-SCHOOL.mp4,SCHOOL,C_03_089
P16,4198989244504012-MEET.mp4,MEET,D_02_018
P16,3883569869285113-FRIEND.mp4,FRIEND,D_03_010
P16,7833854125076765-CAR.mp4,CAR,D_02_043
P16,5974251648548923-BYE.mp4,BYE,E_01_058
P16,40454957820407933-BUSY.mp4,BUSY,E_02_040
P16,8273164081850686-LIKE.mp4,LIKE,F_03_063
P16,8902733237714864-THEY.mp4,THEY1,F_02_103
P16,45602866799377395-EVERYTHING.mp4,EVERYTHING,F_03_084
P16,5215666498189602-TODAY.mp4,TODAY,E_02_006
P16,20730365647866322-STUDY.mp4,STUDY,G_01_090
P16,18121303890105733-CITY 2.mp4,CITY2,K_02_076
P16,30544213991231106-GO.mp4,GO,C_03_056
P16,5986140318809434-ALL.mp4,ALL,C_03_088
P16,03376426509046859-HOW.mp4,HOW1,D_02_082
P16,027620407971810534-BABY 2.mp4,BABY2,K_01_042
P8,8370733641565598-HOW.mp4,HOW1,D_02_082
P8,5403344807799251-BABY 2.mp4,BABY2,K_01_042
P16,7815210671274675-HEAR 2.mp4,HEAR2,J_02_006
P16,8849428395709025-DOCTOR 2.mp4,DOCTOR2,K_03_015
P16,5859575512017567-FAST.mp4,FAST,C_03_016
P16,9586306157625994-STOP.mp4,STOP,D_01_010
P16,38804481708288274-MONEY 2.mp4,MONEY2,K_01_104
P16,6722357077088432-REMEMBER.mp4,REMEMBER2,C_02_014
P16,682277049268821-SEE.mp4,SEE,C_02_030
P16,06352896806931652-NEVER.mp4,NEVER,C_02_079
P16,8981918903910342-THINK.mp4,THINK,C_03_053
P16,5364358287706597-SMALL.mp4,SMALL,D_01_030
P16,21224944864749995-WHAT 2.mp4,WHAT1,D_02_094
P16,3946473992402564-FEW.mp4,FEW,C_02_067
P16,23494912509138755-COUNTRY.mp4,COUNTRY,C_03_058
P16,5774324878258876-COME.mp4,COME,C_03_074
P16,7326855771738956-WRITE.mp4,WRITE,D_01_051
P16,913160206020708-BUY.mp4,BUY,D_03_074
P16,05173427503594241-HATE.mp4,HATE,F_02_078
P16,9174976347516473-HOT.mp4,HOT,F_02_093
P16,8450749478025767-OK.mp4,OK,F_03_080
P16,7602780259740458-GIVE.mp4,GIVE,F_01_023
P16,5069200658283002-TAKE.mp4,TAKE,G_01_093
P45,021939327153324584-HOW.mp4,HOW1,D_02_082
P45,428654908524865-BABY 2.mp4,BABY2,K_01_042
P46,49914475306883-TOMORROW.mp4,TOMORROW,F_02_040
P46,9953610281521326-YES.mp4,YES,G_03_074
P46,2657029779941493-ALWAYS.mp4,ALWAYS,J_03_076
P46,394147254494269-NIGHT.mp4,NIGHT1,A_01_003
P46,03443125081428877-STUDENT.mp4,STUDENT,A_02_012
P50,7360637423786365-COUNTRY.mp4,COUNTRY,C_03_058
P50,8973861097618665-OK.mp4,OK,F_03_080
P50,710447421608613-TOMORROW.mp4,TOMORROW,F_02_040
P50,7199140986089654-YES.mp4,YES,G_03_074
P50,08427827340066263-ALWAYS.mp4,ALWAYS,J_03_076
P50,9559157161622487-WOMAN 2.mp4,WOMAN2,K_01_101
P50,45011841193956603-DRINK 2.mp4,DRINK2,K_03_092
P50,3098607539628562-BOY.mp4,BOY,B_02_090
P50,8618167243787549-SISTER.mp4,SISTER,D_03_050
P50,546204032322096-HAPPY.mp4,HAPPY,C_03_078
P50,43234510854275543-EAT.mp4,EAT1,B_02_002
P50,17656377523560773-COLD.mp4,COLD,C_02_068
P50,37150818596578294-YOUR.mp4,YOUR,F_01_052
P20,28473039465033767-DIFFERENT.mp4,DIFFERENT,E_03_095
P20,5638862044022404-WELCOME 2.mp4,WELCOME1,
P20,5251028200471013-HE.mp4,HE,F_02_044
P20,7278705413828479-NIGHT.mp4,NIGHT1,A_01_003
P20,16080210562813346-STUDENT.mp4,STUDENT,A_02_012
P20,0022893546015982924-TEACHER.mp4,TEACHER,A_02_033
P20,6976573288663246-MOTHER.mp4,MOTHER,B_02_008
P20,1870662845695683-SLOW.mp4,SLOW,B_02_041
P20,8528083792258134-BROTHER.mp4,BROTHER,B_01_065
P20,3950389219300785-PEOPLE.mp4,PEOPLE,C_01_009
P20,8853841145039041-FINISH.mp4,FINISH,B_03_025
P20,023287006799920906-FATHER.mp4,FATHER,B_01_077
P20,4628193900204982-FAMILY.mp4,FAMILY,C_01_025
P20,2413023602974027-SORRY.mp4,SORRY,C_01_020
P20,45882506624568764-DAY.mp4,DAY,C_01_044
P50,3671264522753308-DIFFERENT.mp4,DIFFERENT,E_03_095
P50,1822336610423687-WELCOME 2.mp4,WELCOME1,
P50,48540972876704047-HE.mp4,HE,F_02_044
P50,23364729653954308-NIGHT.mp4,NIGHT1,A_01_003
P50,9765152100966505-STUDENT.mp4,STUDENT,A_02_012
P50,0936747102335509-TEACHER.mp4,TEACHER,A_02_033
P50,43016432877599997-HUNGRY.mp4,HUNGRY,C_01_010
P50,09637222525631328-BORED.mp4,BORED1,B_01_017
P50,18340714145664716-GOOD.mp4,GOOD,B_01_052
P50,02289895371863082-LEARN.mp4,LEARN,B_01_042
P50,5368393292246536-MAN.mp4,MAN,C_01_040
P50,5451782627570656-FEEL.mp4,FEEL,C_02_001
P50,8990314041333538-YESTERDAY.mp4,YESTERDAY,D_01_024
P50,6137110171725737-NO.mp4,NO,C_03_041
P50,42581303190618414-GIRL.mp4,GIRL,C_03_073
P50,30728714147348457-EASY.mp4,EASY,D_01_070
P50,44410022847934516-SCHOOL.mp4,SCHOOL,C_03_089
P50,8732438708155559-MEET.mp4,MEET,D_02_018
P50,31292634392838026-FRIEND.mp4,FRIEND,D_03_010
P50,635224667225623-CAR.mp4,CAR,D_02_043
P50,8257819899330097-HEAR 2.mp4,HEAR2,J_02_006
P50,9725803613791293-DOCTOR 2.mp4,DOCTOR2,K_03_015
P50,9819934669641803-MONTH.mp4,MONTH,A_01_073
P50,6203656031603042-COMPUTER.mp4,COMPUTER,A_01_054
P50,27449508901283615-BOOK.mp4,BOOK,A_01_027
P50,6607916699699934-SLOW.mp4,SLOW,B_02_041
P50,04964897423386816-FAST.mp4,FAST,C_03_016
P50,35024304836544506-STOP.mp4,STOP,D_01_010
P50,20955343336393173-MONEY 2.mp4,MONEY2,K_01_104
P50,8813422186863311-REMEMBER.mp4,REMEMBER2,C_02_014
P50,9386805628062223-SEE.mp4,SEE,C_02_030
P50,3992501093118084-NEVER.mp4,NEVER,C_02_079
P50,1931829449490161-THINK.mp4,THINK,C_03_053
P50,7773877074443272-SMALL.mp4,SMALL,D_01_030
P50,5907336185978251-WHAT 2.mp4,WHAT1,D_02_094
P50,019810678882753452-FEW.mp4,FEW,C_02_067
P50,5245211280359048-COME.mp4,COME,C_03_074
P50,582860551991583-WRITE.mp4,WRITE,D_01_051
P50,7232032649197906-BUY.mp4,BUY,D_03_074
P50,20967098980215337-HATE.mp4,HATE,F_02_078
P50,18539733816419912-HOT.mp4,HOT,F_02_093
P50,8894885784668014-GIVE.mp4,GIVE,F_01_023
P50,18586165627230766-TAKE.mp4,TAKE,G_01_093
P50,6657630771535601-BROTHER.mp4,BROTHER,B_01_065
P50,06785828551921536-PEOPLE.mp4,PEOPLE,C_01_009
P50,1277751594377292-FINISH.mp4,FINISH,B_03_025
P50,19495528192299982-FATHER.mp4,FATHER,B_01_077
P50,05708826093734798-FAMILY.mp4,FAMILY,C_01_025
P50,5865603235099206-SORRY.mp4,SORRY,C_01_020
P50,9458795780850124-DAY.mp4,DAY,C_01_044
P50,5305284657006966-PLEASE.mp4,PLEASE,B_02_007
P50,17354191997018575-WHERE.mp4,WHERE,B_02_035
P50,25876877817363897-FINE.mp4,FINE1,C_01_043
P50,48891811825038345-MORE.mp4,MORE,B_03_032
P50,27281455846817093-HARD.mp4,HARD,C_01_036
P50,09798493578297407-TIME.mp4,TIME,B_02_080
P50,3515165483430771-YEAR.mp4,YEAR,B_02_015
P50,29098784760878327-WHICH.mp4,WHICH,B_01_088
P50,5344192765643432-WHO.mp4,WHO,C_01_041
P50,9675060825507151-MAYBE.mp4,MAYBE,B_03_022
P50,44454593042241-NAME.mp4,NAME,D_01_021
P50,48459131285186974-WHY.mp4,WHY,D_01_067
P50,9008261925178431-HELLO.mp4,HELLO,D_02_055
P50,16115032785858263-WHEN.mp4,WHEN,C_03_086
P50,7415596238428777-LATER.mp4,LATER,D_01_077
P50,15737752814991346-YOU.mp4,YOU,D_02_065
P50,6046104101537046-WANT 2.mp4,WANT1,E_01_025
P50,7436952444697802-BIG.mp4,BIG,F_02_054
P50,25236629084275086-NICE.mp4,NICE,G_03_059
P50,8279377520732154-WE.mp4,WE,G_03_019
P50,0912245735671211-THANK YOU.mp4,THANKYOU,H_02_053
P50,8818679215803051-TODAY.mp4,TODAY,E_02_006
P50,5456272054556495-STUDY.mp4,STUDY,G_01_090
P50,0505419163931653-NEED.mp4,NEED,C_02_034
P50,6447196084149984-NOW.mp4,NOW,C_03_062
P50,6851460951757296-TELL.mp4,TELL,C_02_013
P50,9682333715513665-BYE.mp4,BYE,E_01_058
P14,8911482652584646-YOUR.mp4,YOUR,F_01_052
P14,08468658607793822-MONTH.mp4,MONTH,A_01_073
P14,676297947373963-COMPUTER.mp4,COMPUTER,A_01_054
P14,13472212573182674-BOOK.mp4,BOOK,A_01_027
P14,7542254268771809-MOTHER.mp4,MOTHER,B_02_008
P14,7569215382709509-SLOW.mp4,SLOW,B_02_041
P14,46485000872838267-BROTHER.mp4,BROTHER,B_01_065
P14,12973708000593742-PEOPLE.mp4,PEOPLE,C_01_009
P14,2325322109839305-FINISH.mp4,FINISH,B_03_025
P14,47857573015695154-FATHER.mp4,FATHER,B_01_077
P14,3923069450478833-FAMILY.mp4,FAMILY,C_01_025
P14,589235585874496-SORRY.mp4,SORRY,C_01_020
P14,22177855833836602-DAY.mp4,DAY,C_01_044
P14,48783810292836627-HUNGRY.mp4,HUNGRY,C_01_010
P14,5860033139564251-BORED.mp4,BORED1,B_01_017
P14,9756165063743225-GOOD.mp4,GOOD,B_01_052
P14,7373699847035962-LEARN.mp4,LEARN,B_01_042
P14,07906567248016683-MAN.mp4,MAN,C_01_040
P14,5377632284939944-FEEL.mp4,FEEL,C_02_001
P14,5956139983741693-PLEASE.mp4,PLEASE,B_02_007
P14,6999394901611251-WHERE.mp4,WHERE,B_02_035
P50,15392347849852528-BUSY.mp4,BUSY,E_02_040
P14,1657926220154422-NICE.mp4,NICE,G_03_059
P14,8906582989498535-WE.mp4,WE,G_03_019
P14,06476990357042611-THANK YOU.mp4,THANKYOU,H_02_053
P14,9701223233159699-NEED.mp4,NEED,C_02_034
P14,26472856106608966-NOW.mp4,NOW,C_03_062
P14,1784447552931374-TELL.mp4,TELL,C_02_013
P14,007361233568424552-YESTERDAY.mp4,YESTERDAY,D_01_024
P14,370678413428154-NO.mp4,NO,C_03_041
P14,6576010639886045-GIRL.mp4,GIRL,C_03_073
P14,06055374831145932-EASY.mp4,EASY,D_01_070
P14,45776844159035135-SCHOOL.mp4,SCHOOL,C_03_089
P14,9601350078796431-MEET.mp4,MEET,D_02_018
P14,49578083878868284-FRIEND.mp4,FRIEND,D_03_010
P14,014398184955713988-CAR.mp4,CAR,D_02_043
P14,7072634397394595-BYE.mp4,BYE,E_01_058
P14,8529861223088788-BUSY.mp4,BUSY,E_02_040
P14,30651763223309914-LIKE.mp4,LIKE,F_03_063
P50,7707078264255762-LIKE.mp4,LIKE,F_03_063
P50,39433246279112355-THEY.mp4,THEY1,F_02_103
P50,15527096135327678-EVERYTHING.mp4,EVERYTHING,F_03_084
P50,6618951050574775-CITY 2.mp4,CITY2,K_02_076
P50,20492226110701672-GO.mp4,GO,C_03_056
P50,8644015761056447-ALL.mp4,ALL,C_03_088
P50,3119997663932217-HOW.mp4,HOW1,D_02_082
P50,6808461562480732-BABY 2.mp4,BABY2,K_01_042
P50,9745449040953389-HAPPY.mp4,HAPPY,C_03_078
P50,6012215303497841-EAT.mp4,EAT1,B_02_002
P50,5391135538624647-COLD.mp4,COLD,C_02_068
P50,29264491659036684-CITY 2.mp4,CITY2,K_02_076
P23,3622847632586421-BIG.mp4,BIG,F_02_054
P23,6798966757937068-YESTERDAY.mp4,YESTERDAY,D_01_024
P23,5309657970849855-NO.mp4,NO,C_03_041
P23,8772732920276483-GIRL.mp4,GIRL,C_03_073
P23,36885950287469704-EASY.mp4,EASY,D_01_070
P23,5088472744264194-SCHOOL.mp4,SCHOOL,C_03_089
P23,5689772662149204-MEET.mp4,MEET,D_02_018
P23,38529566276462957-FRIEND.mp4,FRIEND,D_03_010
P23,9611592796504793-CAR.mp4,CAR,D_02_043
P23,09925483539097146-THEY.mp4,THEY1,F_02_103
P23,9339035508845381-EVERYTHING.mp4,EVERYTHING,F_03_084
P23,8554881401220604-TODAY.mp4,TODAY,E_02_006
P23,6463262143597508-STUDY.mp4,STUDY,G_01_090
P23,7701619196687932-GO.mp4,GO,C_03_056
P23,6444159193280847-ALL.mp4,ALL,C_03_088
P23,26590410598868597-HEAR 2.mp4,HEAR2,J_02_006
P23,7933354468910727-DOCTOR 2.mp4,DOCTOR2,K_03_015
P23,9841454980001991-FAST.mp4,FAST,C_03_016
P23,815577675920792-STOP.mp4,STOP,D_01_010
P23,3414584146371844-MONEY 2.mp4,MONEY2,K_01_104
P23,6131044630427722-REMEMBER.mp4,REMEMBER2,C_02_014
P23,7869034994705406-SEE.mp4,SEE,C_02_030
P23,5767872712338808-NEVER.mp4,NEVER,C_02_079
P23,2903285066765289-THINK.mp4,THINK,C_03_053
P23,297683528773413-SMALL.mp4,SMALL,D_01_030
P23,531692335723785-WHAT 2.mp4,WHAT1,D_02_094
P23,6260581982554774-FEW.mp4,FEW,C_02_067
P23,48450503598723604-COUNTRY.mp4,COUNTRY,C_03_058
P23,3921320702075002-COME.mp4,COME,C_03_074
P23,7389026313346527-WRITE.mp4,WRITE,D_01_051
P23,2318554220032114-BUY.mp4,BUY,D_03_074
P23,8464805543149931-HATE.mp4,HATE,F_02_078
P23,1444025710176855-HOT.mp4,HOT,F_02_093
P24,07263724798158067-OK.mp4,OK,F_03_080
P24,44123846585091897-GIVE.mp4,GIVE,F_01_023
P24,29695580191852833-TAKE.mp4,TAKE,G_01_093
P24,11902173661620474-TOMORROW.mp4,TOMORROW,F_02_040
P24,9009854854743657-YES.mp4,YES,G_03_074
P24,45941835587565105-ALWAYS.mp4,ALWAYS,J_03_076
P10,9883619861259862-PEOPLE.mp4,PEOPLE,C_01_009
P27,0809565046350682-PEOPLE.mp4,PEOPLE,C_01_009
P27,6528064521146906-THANK YOU.mp4,THANKYOU,H_02_053
P10,8487114823108493-THANK YOU.mp4,THANKYOU,H_02_053
P10,9959161578599864-BOOK.mp4,BOOK,A_01_027
P27,5597756711675372-NEED.mp4,NEED,C_02_034
P27,7347421058535237-NOW.mp4,NOW,C_03_062
P27,02205485916234662-TELL.mp4,TELL,C_02_013
P27,3147681618714515-YESTERDAY.mp4,YESTERDAY,D_01_024
P27,9644130188424822-NO.mp4,NO,C_03_041
P27,3362974225221058-GIRL.mp4,GIRL,C_03_073
P27,8676316241278772-EASY.mp4,EASY,D_01_070
P27,9528626762979313-SCHOOL.mp4,SCHOOL,C_03_089
P27,9138141046234951-MEET.mp4,MEET,D_02_018
P27,011107081071308533-FRIEND.mp4,FRIEND,D_03_010
P27,8388170938413793-CAR.mp4,CAR,D_02_043
P27,21550036390436733-BYE.mp4,BYE,E_01_058
P27,013583442880594543-BUSY.mp4,BUSY,E_02_040
P27,23961420213829476-LIKE.mp4,LIKE,F_03_063
P27,5781985412875206-THEY.mp4,THEY1,F_02_103
P27,8108722763317142-EVERYTHING.mp4,EVERYTHING,F_03_084
P4,41161724295860713-BOY.mp4,BOY,B_02_090
P4,49624243979650506-SISTER.mp4,SISTER,D_03_050
P4,09937285850055066-HAPPY.mp4,HAPPY,C_03_078
P4,1529448369800237-EAT.mp4,EAT1,B_02_002
P4,5765213045805393-COLD.mp4,COLD,C_02_068
P4,3028554929015699-YOUR.mp4,YOUR,F_01_052
P4,25239341433776796-HUNGRY.mp4,HUNGRY,C_01_010
P4,7140718900684935-BORED.mp4,BORED1,B_01_017
P4,04439224802145447-GOOD.mp4,GOOD,B_01_052
P4,20965467088651524-LEARN.mp4,LEARN,B_01_042
P4,1570087424496478-MAN.mp4,MAN,C_01_040
P4,6635158577084479-FEEL.mp4,FEEL,C_02_001
P4,25054375657147543-FINE.mp4,FINE1,C_01_043
P4,9858229995286099-MORE.mp4,MORE,B_03_032
P4,27420260706172184-HARD.mp4,HARD,C_01_036
P4,052979060600704786-TIME.mp4,TIME,B_02_080
P4,9034293336756236-YEAR.mp4,YEAR,B_02_015
P4,36721619673427-LATER.mp4,LATER,D_01_077
P4,14637905185166056-YOU.mp4,YOU,D_02_065
P29,08859845078833506-WANT 2.mp4,WANT1,E_01_025
P30,19958109281644143-WANT 2.mp4,WANT1,E_01_025
P29,4404452752551329-DOCTOR 2.mp4,DOCTOR2,K_03_015
P25,13401052196261154-FAST.mp4,FAST,C_03_016
P25,7606933944529259-STOP.mp4,STOP,D_01_010
P30,8738582803582591-MONEY 2.mp4,MONEY2,K_01_104
P30,15014149504236607-REMEMBER.mp4,REMEMBER2,C_02_014
P30,05469295194551127-SEE.mp4,SEE,C_02_030
P30,3606328052895338-NEVER.mp4,NEVER,C_02_079
P30,46593950586469-THINK.mp4,THINK,C_03_053
P30,08785252118795328-SMALL.mp4,SMALL,D_01_030
P30,8907945228853642-WHAT 2.mp4,WHAT1,D_02_094
P30,033224297697072025-FEW.mp4,FEW,C_02_067
P30,8372452433368198-COUNTRY.mp4,COUNTRY,C_03_058
P30,1508156580679143-WRITE.mp4,WRITE,D_01_051
P10,9055897783856317-DIFFERENT.mp4,DIFFERENT,E_03_095
P10,8720863130422172-WELCOME 2.mp4,WELCOME1,
P30,3746042824477198-MONTH.mp4,MONTH,A_01_073
P30,3513668464156181-COMPUTER.mp4,COMPUTER,A_01_054
P29,03570533073310389-STUDENT.mp4,STUDENT,A_02_012
P29,03587762962665986-MONTH.mp4,MONTH,A_01_073
P29,8238388791773112-COMPUTER.mp4,COMPUTER,A_01_054
P29,33197712728953976-TEACHER.mp4,TEACHER,A_02_033
P29,1290362005086354-FAMILY.mp4,FAMILY,C_01_025
P29,1636390875008531-SORRY.mp4,SORRY,C_01_020
P29,761313788407632-HUNGRY.mp4,HUNGRY,C_01_010
P30,3014932145688567-TEACHER.mp4,TEACHER,A_02_033
P30,8528744514122979-FATHER.mp4,FATHER,B_01_077
P30,1638014502482117-FAMILY.mp4,FAMILY,C_01_025
P30,9287154847825414-SORRY.mp4,SORRY,C_01_020
P30,6849916550986419-DAY.mp4,DAY,C_01_044
P30,08855148657093093-HUNGRY.mp4,HUNGRY,C_01_010
P30,1973029757603464-BORED.mp4,BORED1,B_01_017
P30,7633870830493861-GOOD.mp4,GOOD,B_01_052
P30,6126553469796956-LEARN.mp4,LEARN,B_01_042
P30,6359966945985864-MAN.mp4,MAN,C_01_040
P30,039311828107857494-FEEL.mp4,FEEL,C_02_001
P30,18053723532999788-PLEASE.mp4,PLEASE,B_02_007
P30,5589002661440625-WHERE.mp4,WHERE,B_02_035
P30,4628635692123535-FINE.mp4,FINE1,C_01_043
P30,6684303463308252-MORE.mp4,MORE,B_03_032
P30,8069243450652357-HARD.mp4,HARD,C_01_036
P30,6017424580561013-TIME.mp4,TIME,B_02_080
P30,2027477584552939-YEAR.mp4,YEAR,B_02_015
P30,21869286125340692-WHICH.mp4,WHICH,B_01_088
P30,9311041997261886-WHO.mp4,WHO,C_01_041
P30,290396871959852-MAYBE.mp4,MAYBE,B_03_022
P30,8850902951414901-NAME.mp4,NAME,D_01_021
P30,17485211510665932-WHY.mp4,WHY,D_01_067
P30,7597723277213178-HELLO.mp4,HELLO,D_02_055
P30,41444382165121185-WHEN.mp4,WHEN,C_03_086
P30,7265778110221002-LATER.mp4,LATER,D_01_077
P30,7924736335453846-YOU.mp4,YOU,D_02_065
P29,9354080358924928-BIG.mp4,BIG,F_02_054
P29,0821957813610188-NICE.mp4,NICE,G_03_059
P29,8865858542977822-WE.mp4,WE,G_03_019
P27,7698514903406568-STUDY.mp4,STUDY,G_01_090
P27,8035726544061721-CITY 2.mp4,CITY2,K_02_076
P27,9981647509356435-GO.mp4,GO,C_03_056
P27,8633963006612502-ALL.mp4,ALL,C_03_088
P27,8190663704033752-HOW.mp4,HOW1,D_02_082
P27,997849708540135-BABY 2.mp4,BABY2,K_01_042
P27,9905499086281422-HEAR 2.mp4,HEAR2,J_02_006
P27,4741953661690417-FAST.mp4,FAST,C_03_016
P31,3221250728567113-LIKE.mp4,LIKE,F_03_063
P31,9975042171428656-THEY.mp4,THEY1,F_02_103
P31,3999901696985566-EVERYTHING.mp4,EVERYTHING,F_03_084
P31,1461467422069449-STOP.mp4,STOP,D_01_010
P31,26212242869528013-THINK.mp4,THINK,C_03_053
P31,17606509610897247-SMALL.mp4,SMALL,D_01_030
P31,18362037497753203-WHAT 2.mp4,WHAT1,D_02_094
P31,8524752713159542-FEW.mp4,FEW,C_02_067
P31,8572875024377669-COUNTRY.mp4,COUNTRY,C_03_058
P31,45473820037956725-COME.mp4,COME,C_03_074
P31,0940927928215547-WRITE.mp4,WRITE,D_01_051
P31,5111466042929094-BUY.mp4,BUY,D_03_074
P31,42151474542516176-HATE.mp4,HATE,F_02_078
P31,9735032443497869-HOT.mp4,HOT,F_02_093
P31,3633186842436291-OK.mp4,OK,F_03_080
P31,6525872000407231-GIVE.mp4,GIVE,F_01_023
P31,38797732173583244-TAKE.mp4,TAKE,G_01_093
P31,5055891945777851-TOMORROW.mp4,TOMORROW,F_02_040
P31,709429051156695-YES.mp4,YES,G_03_074
P31,6651907513141087-ALWAYS.mp4,ALWAYS,J_03_076
P31,8620488918536162-WOMAN 2.mp4,WOMAN2,K_01_101
P31,0992010599048676-DRINK 2.mp4,DRINK2,K_03_092
P31,34102998813736063-BOY.mp4,BOY,B_02_090
P31,37634487188318655-SISTER.mp4,SISTER,D_03_050
P31,9607097492455248-HAPPY.mp4,HAPPY,C_03_078
P31,6460191084812579-EAT.mp4,EAT1,B_02_002
P31,6077539816507953-COLD.mp4,COLD,C_02_068
P31,69094637897625-YOUR.mp4,YOUR,F_01_052
P29,4460836108274411-BROTHER.mp4,BROTHER,B_01_065
P29,5215592040153327-WHEN.mp4,WHEN,C_03_086
P29,6105497648414697-LATER.mp4,LATER,D_01_077
P29,7807683495721192-YOU.mp4,YOU,D_02_065
P29,25388069654637513-NEED.mp4,NEED,C_02_034
P29,4720430361532839-NOW.mp4,NOW,C_03_062
P29,43522383341418003-TELL.mp4,TELL,C_02_013
P29,48759619499196427-YESTERDAY.mp4,YESTERDAY,D_01_024
P29,9616432008129339-NO.mp4,NO,C_03_041
P29,8004144394396016-GIRL.mp4,GIRL,C_03_073
P29,9771674478620125-EASY.mp4,EASY,D_01_070
P29,9134558322318354-SCHOOL.mp4,SCHOOL,C_03_089
P29,07944448274658145-MEET.mp4,MEET,D_02_018
P29,5227323060671167-FRIEND.mp4,FRIEND,D_03_010
P29,9112247155918443-CAR.mp4,CAR,D_02_043
P29,4327026387490418-BYE.mp4,BYE,E_01_058
P29,2213376430418803-BUSY.mp4,BUSY,E_02_040
P29,030195387372940363-LIKE.mp4,LIKE,F_03_063
P29,6030593909711668-THEY.mp4,THEY1,F_02_103
P29,8905074409989551-EVERYTHING.mp4,EVERYTHING,F_03_084
P31,8336503418129162-WANT 2.mp4,WANT1,E_01_025
P31,7982091793389081-NICE.mp4,NICE,G_03_059
P31,4544218531641271-WE.mp4,WE,G_03_019
P31,9536578027272471-TODAY.mp4,TODAY,E_02_006
P31,9256536150637014-STUDY.mp4,STUDY,G_01_090
P31,7031865514468971-CITY 2.mp4,CITY2,K_02_076
P31,10496700688928162-GO.mp4,GO,C_03_056
P31,7188630671751595-ALL.mp4,ALL,C_03_088
P31,8268472142479768-HOW.mp4,HOW1,D_02_082
P31,15363617035499022-BABY 2.mp4,BABY2,K_01_042
P30,9358863675192239-NICE.mp4,NICE,G_03_059
P30,6257769266405475-WE.mp4,WE,G_03_019
P31,2677616732303967-HEAR 2.mp4,HEAR2,J_02_006
P31,26983502266268555-DOCTOR 2.mp4,DOCTOR2,K_03_015
P31,7730295007259882-FAST.mp4,FAST,C_03_016
P31,08500703683856536-MONEY 2.mp4,MONEY2,K_01_104
P31,6461183177504188-REMEMBER.mp4,REMEMBER2,C_02_014
P31,5211790905432687-SEE.mp4,SEE,C_02_030
P31,10695535522197197-NEVER.mp4,NEVER,C_02_079
P31,714657544656933-DIFFERENT.mp4,DIFFERENT,E_03_095
P31,8063772484965661-WELCOME 2.mp4,WELCOME1,
P27,08870380386555654-STOP.mp4,STOP,D_01_010
P27,5338341147221657-THINK.mp4,THINK,C_03_053
P27,3161548976113897-SMALL.mp4,SMALL,D_01_030
P27,1532464203763655-WHAT 2.mp4,WHAT1,D_02_094
P27,46036430955804875-FEW.mp4,FEW,C_02_067
P27,941681332642095-COUNTRY.mp4,COUNTRY,C_03_058
P27,39081440676355306-COME.mp4,COME,C_03_074
P27,49076375253453164-WRITE.mp4,WRITE,D_01_051
P27,8805093244785585-BUY.mp4,BUY,D_03_074
P27,955583036530421-HATE.mp4,HATE,F_02_078
P27,23819147505993477-HOT.mp4,HOT,F_02_093
P27,777804314039809-OK.mp4,OK,F_03_080
P30,43409654505218187-BOY.mp4,BOY,B_02_090
P30,8364889976962788-SISTER.mp4,SISTER,D_03_050
P30,7183808471728259-HAPPY.mp4,HAPPY,C_03_078
P30,5739215722518052-EAT.mp4,EAT1,B_02_002
P30,6256497117761755-COLD.mp4,COLD,C_02_068
P30,19561663745070268-YOUR.mp4,YOUR,F_01_052
P30,1724846081232847-HE.mp4,HE,F_02_044
P29,40156789147077165-NIGHT.mp4,NIGHT1,A_01_003
P29,1825200902929398-MOTHER.mp4,MOTHER,B_02_008
P29,15222713126322973-SLOW.mp4,SLOW,B_02_041
P29,5398924866279164-PEOPLE.mp4,PEOPLE,C_01_009
P29,8805369151879896-FINISH.mp4,FINISH,B_03_025
P29,03821172424398567-BORED.mp4,BORED1,B_01_017
P29,9521412407799632-GOOD.mp4,GOOD,B_01_052
P31,23780488148592638-NIGHT.mp4,NIGHT1,A_01_003
P31,3594639642396176-MOTHER.mp4,MOTHER,B_02_008
P31,471989329683155-SLOW.mp4,SLOW,B_02_041
P31,22790289140952047-BROTHER.mp4,BROTHER,B_01_065
P31,6337283569057566-PEOPLE.mp4,PEOPLE,C_01_009
P31,06629654284959208-FINISH.mp4,FINISH,B_03_025
P31,2537413388049783-BORED.mp4,BORED1,B_01_017
P31,5088051624336825-GOOD.mp4,GOOD,B_01_052
P31,22509831535531588-LEARN.mp4,LEARN,B_01_042
P31,2305277448085148-MAN.mp4,MAN,C_01_040
P31,7243206978076484-FEEL.mp4,FEEL,C_02_001
P31,9117047483562963-PLEASE.mp4,PLEASE,B_02_007
P31,9317687529080529-WHERE.mp4,WHERE,B_02_035
P31,7640530642772754-FINE.mp4,FINE1,C_01_043
P31,7213248453404937-MORE.mp4,MORE,B_03_032
P31,26247646289058424-HARD.mp4,HARD,C_01_036
P31,566327103640174-TIME.mp4,TIME,B_02_080
P31,028806526364878682-YEAR.mp4,YEAR,B_02_015
P31,9535426106915468-WHICH.mp4,WHICH,B_01_088
P31,8661268196723311-WHO.mp4,WHO,C_01_041
P31,30759668963891773-MAYBE.mp4,MAYBE,B_03_022
P31,7743830371689544-NAME.mp4,NAME,D_01_021
P31,10953401131792706-WHY.mp4,WHY,D_01_067
P31,11225598264242453-HELLO.mp4,HELLO,D_02_055
P31,6191553425770482-WHEN.mp4,WHEN,C_03_086
P31,8163927369729056-LATER.mp4,LATER,D_01_077
P31,2775935043696396-YOU.mp4,YOU,D_02_065
P29,5457979445491012-LEARN.mp4,LEARN,B_01_042
P29,10385058399783764-MAN.mp4,MAN,C_01_040
P29,09488702358853462-FEEL.mp4,FEEL,C_02_001
P31,3717896319825944-BIG.mp4,BIG,F_02_054
P29,8801721942460268-PLEASE.mp4,PLEASE,B_02_007
P29,5985508360496106-WHERE.mp4,WHERE,B_02_035
P31,8882151630852417-NEED.mp4,NEED,C_02_034
P31,9903010368188014-NOW.mp4,NOW,C_03_062
P31,9622466467630577-TELL.mp4,TELL,C_02_013
P29,3947368501065438-FINE.mp4,FINE1,C_01_043
P31,9862201336212995-YESTERDAY.mp4,YESTERDAY,D_01_024
P31,01379619951634381-NO.mp4,NO,C_03_041
P31,5741118616274716-GIRL.mp4,GIRL,C_03_073
P29,8116309886717166-MORE.mp4,MORE,B_03_032
P31,9412999738790802-EASY.mp4,EASY,D_01_070
P31,8496754012096677-SCHOOL.mp4,SCHOOL,C_03_089
P29,9992416801369071-HARD.mp4,HARD,C_01_036
P29,3521379034117642-TIME.mp4,TIME,B_02_080
P31,6851909585608895-MEET.mp4,MEET,D_02_018
P29,9417609246035323-YEAR.mp4,YEAR,B_02_015
P31,002814626086696137-FRIEND.mp4,FRIEND,D_03_010
P29,354310345503982-WHICH.mp4,WHICH,B_01_088
P29,6013608694688473-WHO.mp4,WHO,C_01_041
P31,5473593468641376-CAR.mp4,CAR,D_02_043
P29,9412306887603408-MAYBE.mp4,MAYBE,B_03_022
P31,516342335411355-BYE.mp4,BYE,E_01_058
P31,6758214136793552-BUSY.mp4,BUSY,E_02_040
P29,5949494391929417-NAME.mp4,NAME,D_01_021
P29,2565336440424879-WHY.mp4,WHY,D_01_067
P29,1340650432799635-HELLO.mp4,HELLO,D_02_055
P27,5148839477289167-WANT 2.mp4,WANT1,E_01_025
P31,5770462994666947-BOOK.mp4,BOOK,A_01_027
P27,56137668352089-TODAY.mp4,TODAY,E_02_006
P31,5083805087745334-FATHER.mp4,FATHER,B_01_077
P31,801580215278554-FAMILY.mp4,FAMILY,C_01_025
P31,675487631009581-SORRY.mp4,SORRY,C_01_020
P31,9507779782999788-DAY.mp4,DAY,C_01_044
P31,01552866889314064-HUNGRY.mp4,HUNGRY,C_01_010
P27,9688429701540122-DOCTOR 2.mp4,DOCTOR2,K_03_015
P27,5761343095959279-MONEY 2.mp4,MONEY2,K_01_104
P27,039961169092803894-REMEMBER.mp4,REMEMBER2,C_02_014
P27,24962171644696074-SEE.mp4,SEE,C_02_030
P27,22558290436289408-NEVER.mp4,NEVER,C_02_079
P27,0756193896626629-GIVE.mp4,GIVE,F_01_023
P31,274897834577152-THANK YOU.mp4,THANKYOU,H_02_053
P31,7010344203418433-STUDENT.mp4,STUDENT,A_02_012
P31,8537861520553731-MONTH.mp4,MONTH,A_01_073
P31,6643964303284857-COMPUTER.mp4,COMPUTER,A_01_054
P31,9729471184825813-TEACHER.mp4,TEACHER,A_02_033
P31,6475011403601416-WANT 2.mp4,WANT1,E_01_025
P31,11760118959885424-TODAY.mp4,TODAY,E_02_006
P25,14991994807763365-WANT 2.mp4,WANT1,E_01_025
P30,8875455643818173-STUDY.mp4,STUDY,G_01_090
P29,4190251970265011-STUDY.mp4,STUDY,G_01_090
P29,5794550947424917-CITY 2.mp4,CITY2,K_02_076
P29,8354410716389704-GO.mp4,GO,C_03_056
P29,7962669167520577-ALL.mp4,ALL,C_03_088
P29,4657020083869885-HOW.mp4,HOW1,D_02_082
P29,17831982285503667-BABY 2.mp4,BABY2,K_01_042
P33,9323264704731735-HEAR 2.mp4,HEAR2,J_02_006
P33,7455313442614018-FAST.mp4,FAST,C_03_016
P33,6922819981617203-STOP.mp4,STOP,D_01_010
P33,16629744901108845-THINK.mp4,THINK,C_03_053
P33,49787709398675717-SMALL.mp4,SMALL,D_01_030
P33,600407709572452-WHAT 2.mp4,WHAT1,D_02_094
P33,45086844658479186-FEW.mp4,FEW,C_02_067
P33,2343937865654191-COUNTRY.mp4,COUNTRY,C_03_058
P33,055732368427704904-COME.mp4,COME,C_03_074
P33,39100553497986446-WRITE.mp4,WRITE,D_01_051
P33,08200157733778402-BUY.mp4,BUY,D_03_074
P33,5528354956623245-HATE.mp4,HATE,F_02_078
P33,9629943991422294-HOT.mp4,HOT,F_02_093
P33,23965453401894954-OK.mp4,OK,F_03_080
P33,5610991690723652-TAKE.mp4,TAKE,G_01_093
P33,4343241095939201-TOMORROW.mp4,TOMORROW,F_02_040
P33,050364485120873326-YES.mp4,YES,G_03_074
P33,13921278418525418-ALWAYS.mp4,ALWAYS,J_03_076
P33,7227268652209338-WOMAN 2.mp4,WOMAN2,K_01_101
P33,18972692322051077-DRINK 2.mp4,DRINK2,K_03_092
P33,6665711994404717-BOY.mp4,BOY,B_02_090
P33,29583483206366723-SISTER.mp4,SISTER,D_03_050
P33,214143352672429-HAPPY.mp4,HAPPY,C_03_078
P33,31477726769914227-EAT.mp4,EAT1,B_02_002
P33,8543628437567765-COLD.mp4,COLD,C_02_068
P33,7290227249431431-YOUR.mp4,YOUR,F_01_052
P33,5558132949950849-DIFFERENT.mp4,DIFFERENT,E_03_095
P33,5647278660152211-WELCOME 2.mp4,WELCOME1,
P33,71363394216049-HE.mp4,HE,F_02_044
P33,9457188046017566-BROTHER.mp4,BROTHER,B_01_065
P33,5845121089874201-WHEN.mp4,WHEN,C_03_086
P33,5577314224715189-LATER.mp4,LATER,D_01_077
P33,9739021665350334-YOU.mp4,YOU,D_02_065
P33,11499358307656138-BIG.mp4,BIG,F_02_054
P33,9929708042498271-NICE.mp4,NICE,G_03_059
P33,5641210498834153-WE.mp4,WE,G_03_019
P33,374824970052654-BYE.mp4,BYE,E_01_058
P33,7450245594574576-BUSY.mp4,BUSY,E_02_040
P33,6630595446275149-LIKE.mp4,LIKE,F_03_063
P33,6172830148886315-THEY.mp4,THEY1,F_02_103
P33,32116322919490337-EVERYTHING.mp4,EVERYTHING,F_03_084
P33,21073681714343873-CITY 2.mp4,CITY2,K_02_076
P33,7813105619399183-GO.mp4,GO,C_03_056
P33,9449592378441061-ALL.mp4,ALL,C_03_088
P33,6445699135022072-HOW.mp4,HOW1,D_02_082
P33,6052243445762975-BABY 2.mp4,BABY2,K_01_042
P33,5784050623538712-DOCTOR 2.mp4,DOCTOR2,K_03_015
P33,15145806566222886-MONEY 2.mp4,MONEY2,K_01_104
P33,29380938622729746-REMEMBER.mp4,REMEMBER2,C_02_014
P33,6589458102490988-SEE.mp4,SEE,C_02_030
P33,7907426867054299-NEVER.mp4,NEVER,C_02_079
P33,8691068748116906-GIVE.mp4,GIVE,F_01_023
P33,5240684251499979-NIGHT.mp4,NIGHT1,A_01_003
P33,11275273156810672-BOOK.mp4,BOOK,A_01_027
P33,8849980218955149-MOTHER.mp4,MOTHER,B_02_008
P33,6807721986834827-SLOW.mp4,SLOW,B_02_041
P33,1012449329906624-PEOPLE.mp4,PEOPLE,C_01_009
P33,31530402742819374-FINISH.mp4,FINISH,B_03_025
P33,8247913651486547-FATHER.mp4,FATHER,B_01_077
P33,24482553688438768-FAMILY.mp4,FAMILY,C_01_025
P33,7662883760067802-SORRY.mp4,SORRY,C_01_020
P33,38496706091783506-DAY.mp4,DAY,C_01_044
P33,3850535672895874-HUNGRY.mp4,HUNGRY,C_01_010
P33,44602682911359004-BORED.mp4,BORED1,B_01_017
P33,27179636245697747-GOOD.mp4,GOOD,B_01_052
P33,30110588558485074-LEARN.mp4,LEARN,B_01_042
P33,9106045059190033-MAN.mp4,MAN,C_01_040
P33,9371703021423372-FEEL.mp4,FEEL,C_02_001
P33,44272136216354463-PLEASE.mp4,PLEASE,B_02_007
P33,32552115561898876-WHERE.mp4,WHERE,B_02_035
P33,07214322840682375-FINE.mp4,FINE1,C_01_043
P33,7455948118093856-MORE.mp4,MORE,B_03_032
P33,5691690490392591-HARD.mp4,HARD,C_01_036
P33,043686703964957996-TIME.mp4,TIME,B_02_080
P33,0867127865649342-YEAR.mp4,YEAR,B_02_015
P33,8836626245935439-WHICH.mp4,WHICH,B_01_088
P33,05073186101305538-WHO.mp4,WHO,C_01_041
P33,35346895720914806-MAYBE.mp4,MAYBE,B_03_022
P33,68008701658875-NAME.mp4,NAME,D_01_021
P33,28913897920899023-WHY.mp4,WHY,D_01_067
P33,8841964348021558-HELLO.mp4,HELLO,D_02_055
P33,39425766670939555-THANK YOU.mp4,THANKYOU,H_02_053
P33,7657802804409537-NEED.mp4,NEED,C_02_034
P33,5295273734383446-NOW.mp4,NOW,C_03_062
P33,22047412457689952-TELL.mp4,TELL,C_02_013
P33,3726273899955248-YESTERDAY.mp4,YESTERDAY,D_01_024
P33,7932042062420475-NO.mp4,NO,C_03_041
P33,3260646406447423-GIRL.mp4,GIRL,C_03_073
P33,5790222875056432-EASY.mp4,EASY,D_01_070
P33,2814564048387007-SCHOOL.mp4,SCHOOL,C_03_089
P33,7028648491429732-MEET.mp4,MEET,D_02_018
P33,18156591507416464-FRIEND.mp4,FRIEND,D_03_010
P33,11932520912401978-CAR.mp4,CAR,D_02_043
P33,9441476516547895-TODAY.mp4,TODAY,E_02_006
P29,09379253312644442-HEAR 2.mp4,HEAR2,J_02_006
P29,7339038671699913-FAST.mp4,FAST,C_03_016
P29,787967286498557-STOP.mp4,STOP,D_01_010
P29,1900191486784637-THINK.mp4,THINK,C_03_053
P29,9278234566473478-SMALL.mp4,SMALL,D_01_030
P33,6579883539463085-STUDY.mp4,STUDY,G_01_090
P29,23051551564122996-WHAT 2.mp4,WHAT1,D_02_094
P29,7886062877616418-FEW.mp4,FEW,C_02_067
P29,16453891474644244-COUNTRY.mp4,COUNTRY,C_03_058
P29,7764581525163443-COME.mp4,COME,C_03_074
P29,6080391494064927-WRITE.mp4,WRITE,D_01_051
P29,20662391105375688-BUY.mp4,BUY,D_03_074
P29,38373757373863393-HATE.mp4,HATE,F_02_078
P29,7370287966523523-HOT.mp4,HOT,F_02_093
P29,9179668481329466-OK.mp4,OK,F_03_080
P29,8285963105812504-TAKE.mp4,TAKE,G_01_093
P29,6091965583018604-TOMORROW.mp4,TOMORROW,F_02_040
P29,15689453699180178-YES.mp4,YES,G_03_074
P29,35726626492897995-ALWAYS.mp4,ALWAYS,J_03_076
P29,5261616740036297-WOMAN 2.mp4,WOMAN2,K_01_101
P29,20468755034347463-DRINK 2.mp4,DRINK2,K_03_092
P33,5382422488246439-STUDENT.mp4,STUDENT,A_02_012
P29,5407375828723797-HAPPY.mp4,HAPPY,C_03_078
P29,7468673870660452-EAT.mp4,EAT1,B_02_002
P29,9912276588256546-COLD.mp4,COLD,C_02_068
P29,6252762428426335-YOUR.mp4,YOUR,F_01_052
P29,09035665410984017-DIFFERENT.mp4,DIFFERENT,E_03_095
P29,3600152497757194-WELCOME 2.mp4,WELCOME1,
P29,20013893804599103-HE.mp4,HE,F_02_044
P29,9958901974689718-MONEY 2.mp4,MONEY2,K_01_104
P29,3299931458826266-REMEMBER.mp4,REMEMBER2,C_02_014
P29,42464010618997516-SEE.mp4,SEE,C_02_030
P29,913976668528282-NEVER.mp4,NEVER,C_02_079
P29,1823075331771542-GIVE.mp4,GIVE,F_01_023
P33,20473125375281365-MONTH.mp4,MONTH,A_01_073
P33,3011563935397368-COMPUTER.mp4,COMPUTER,A_01_054
P33,3345625192896067-TEACHER.mp4,TEACHER,A_02_033
P33,39269779031539565-WANT 2.mp4,WANT1,E_01_025
P33,2396504546103233-BROTHER.mp4,BROTHER,B_01_065
P33,9729998715398667-BYE.mp4,BYE,E_01_058
P33,1133797541145194-BUSY.mp4,BUSY,E_02_040
P33,4726973530309644-LIKE.mp4,LIKE,F_03_063
P33,9450633955249712-THEY.mp4,THEY1,F_02_103
P33,8272522266998446-EVERYTHING.mp4,EVERYTHING,F_03_084
P11,4231674206599154-CITY 2.mp4,CITY2,K_02_076
P11,41579421019094553-GO.mp4,GO,C_03_056
P11,5332603758730681-ALL.mp4,ALL,C_03_088
P11,2861187051971712-HOW.mp4,HOW1,D_02_082
P11,3724397433823383-BABY 2.mp4,BABY2,K_01_042
P11,5593061852952874-HEAR 2.mp4,HEAR2,J_02_006
P11,25059762291024534-DOCTOR 2.mp4,DOCTOR2,K_03_015
P11,4106652011209193-FAST.mp4,FAST,C_03_016
P11,12188061798454708-STOP.mp4,STOP,D_01_010
P11,31962282125568064-THINK.mp4,THINK,C_03_053
P11,7388125968431167-SMALL.mp4,SMALL,D_01_030
P11,8017117058905951-WHAT 2.mp4,WHAT1,D_02_094
P11,8795288395549647-FEW.mp4,FEW,C_02_067
P11,8049985156752757-COUNTRY.mp4,COUNTRY,C_03_058
P11,42561609545136014-COME.mp4,COME,C_03_074
P11,4390289106690757-WRITE.mp4,WRITE,D_01_051
P11,7573530872875915-BUY.mp4,BUY,D_03_074
P11,7188465790170195-HATE.mp4,HATE,F_02_078
P11,11707369231650211-HOT.mp4,HOT,F_02_093
P11,5745729001649573-OK.mp4,OK,F_03_080
P11,978089590876015-TAKE.mp4,TAKE,G_01_093
P11,7814665342660105-TOMORROW.mp4,TOMORROW,F_02_040
P29,23588144021742652-BOY.mp4,BOY,B_02_090
P29,8057653934134985-SISTER.mp4,SISTER,D_03_050
P29,32682862970131943-BOOK.mp4,BOOK,A_01_027
P29,5932207271660643-THANK YOU.mp4,THANKYOU,H_02_053
P29,7788645907269662-TODAY.mp4,TODAY,E_02_006
P29,7876443840707597-CITY 2.mp4,CITY2,K_02_076
P29,1917265918954878-GO.mp4,GO,C_03_056
P29,5641697091947413-ALL.mp4,ALL,C_03_088
P29,21283972047425892-HOW.mp4,HOW1,D_02_082
P29,07511210680220981-BABY 2.mp4,BABY2,K_01_042
P51,008457351210910957-CITY 2.mp4,CITY2,K_02_076
P51,7819362494402429-GO.mp4,GO,C_03_056
P51,41609856180263693-ALL.mp4,ALL,C_03_088
P51,1334132333742275-HOW.mp4,HOW1,D_02_082
P51,5616201353000396-BABY 2.mp4,BABY2,K_01_042
P29,9092689562509508-YES.mp4,YES,G_03_074
P29,14269659178243166-ALWAYS.mp4,ALWAYS,J_03_076
P29,488734931388511-WOMAN 2.mp4,WOMAN2,K_01_101
P29,6370983911545496-DRINK 2.mp4,DRINK2,K_03_092
P29,6249242465723734-HAPPY.mp4,HAPPY,C_03_078
P29,8267242257825924-EAT.mp4,EAT1,B_02_002
P29,40997457816037786-COLD.mp4,COLD,C_02_068
P29,8082218522582074-YOUR.mp4,YOUR,F_01_052
P11,3008181888945094-NIGHT.mp4,NIGHT1,A_01_003
P11,5016352016219428-MOTHER.mp4,MOTHER,B_02_008
P11,07796785440279685-SLOW.mp4,SLOW,B_02_041
P11,6500641946617272-BROTHER.mp4,BROTHER,B_01_065
P11,013513764386919869-PEOPLE.mp4,PEOPLE,C_01_009
P11,0053290989889420715-FINISH.mp4,FINISH,B_03_025
P11,8360801452399957-FATHER.mp4,FATHER,B_01_077
P11,45437698823796135-FAMILY.mp4,FAMILY,C_01_025
P11,6284344362350516-SORRY.mp4,SORRY,C_01_020
P11,596424111873483-DAY.mp4,DAY,C_01_044
P11,30359172301114734-HUNGRY.mp4,HUNGRY,C_01_010
P11,7048041738822863-BORED.mp4,BORED1,B_01_017
P11,9875735466160431-GOOD.mp4,GOOD,B_01_052
P11,42853167798970104-LEARN.mp4,LEARN,B_01_042
P11,6147678260624159-MAN.mp4,MAN,C_01_040
P11,8554683389855848-FEEL.mp4,FEEL,C_02_001
P11,43778843855311433-PLEASE.mp4,PLEASE,B_02_007
P11,37418457822538387-WHERE.mp4,WHERE,B_02_035
P11,5494204143000812-FINE.mp4,FINE1,C_01_043
P11,05959007956304285-MORE.mp4,MORE,B_03_032
P11,2488344230284416-HARD.mp4,HARD,C_01_036
P11,7396831048598065-TIME.mp4,TIME,B_02_080
P11,7945948304503736-YEAR.mp4,YEAR,B_02_015
P11,09147527873659245-WHICH.mp4,WHICH,B_01_088
P11,0015092814988848513-WHO.mp4,WHO,C_01_041
P11,7636836654101908-MAYBE.mp4,MAYBE,B_03_022
P11,4290157295522645-NAME.mp4,NAME,D_01_021
P11,20564555475489255-WHY.mp4,WHY,D_01_067
P11,6448349493816601-HELLO.mp4,HELLO,D_02_055
P11,35815086162921017-WHEN.mp4,WHEN,C_03_086
P11,7421046995405918-LATER.mp4,LATER,D_01_077
P11,6298308396800849-YOU.mp4,YOU,D_02_065
P11,02604937104585603-BIG.mp4,BIG,F_02_054
P11,16750959153005218-NICE.mp4,NICE,G_03_059
P11,3468501303620588-WE.mp4,WE,G_03_019
P11,5754719885013022-NEED.mp4,NEED,C_02_034
P11,674030928817341-NOW.mp4,NOW,C_03_062
P11,33746486664369946-TELL.mp4,TELL,C_02_013
P11,22994787272783634-YESTERDAY.mp4,YESTERDAY,D_01_024
P11,6901051427765104-NO.mp4,NO,C_03_041
P11,7963128603516363-GIRL.mp4,GIRL,C_03_073
P11,3481069285509393-EASY.mp4,EASY,D_01_070
P11,5739505297385641-SCHOOL.mp4,SCHOOL,C_03_089
P11,30597814036926896-MEET.mp4,MEET,D_02_018
P11,11272869599260926-FRIEND.mp4,FRIEND,D_03_010
P11,22564312174500656-CAR.mp4,CAR,D_02_043
P11,6785992819227267-BYE.mp4,BYE,E_01_058
P11,2689844438046245-BUSY.mp4,BUSY,E_02_040
P11,05351672702445809-LIKE.mp4,LIKE,F_03_063
P11,5247185728423776-THEY.mp4,THEY1,F_02_103
P11,9509689207816061-EVERYTHING.mp4,EVERYTHING,F_03_084
P11,9994734277336612-STUDY.mp4,STUDY,G_01_090
P11,9971101658944022-MONEY 2.mp4,MONEY2,K_01_104
P11,9946779837927824-REMEMBER.mp4,REMEMBER2,C_02_014
P11,7610787111957336-SEE.mp4,SEE,C_02_030
P11,8868426617376806-NEVER.mp4,NEVER,C_02_079
P11,9174915733024191-GIVE.mp4,GIVE,F_01_023
P11,15498675309554577-YES.mp4,YES,G_03_074
P11,7825517213218041-ALWAYS.mp4,ALWAYS,J_03_076
P11,022488251670931714-WOMAN 2.mp4,WOMAN2,K_01_101
P11,27973404455034934-DRINK 2.mp4,DRINK2,K_03_092
P11,8680216857400416-BOY.mp4,BOY,B_02_090
P11,42910870583344485-SISTER.mp4,SISTER,D_03_050
P11,6970697622023043-HAPPY.mp4,HAPPY,C_03_078
P11,7327271470470507-EAT.mp4,EAT1,B_02_002
P11,9157460455592226-COLD.mp4,COLD,C_02_068
P11,8007476360665744-YOUR.mp4,YOUR,F_01_052
P11,23278500386568868-DIFFERENT.mp4,DIFFERENT,E_03_095
P11,6671093574374458-WELCOME 2.mp4,WELCOME1,
P11,5477484945014501-HE.mp4,HE,F_02_044
P11,6097217918654785-STUDENT.mp4,STUDENT,A_02_012
P11,27108125943989636-MONTH.mp4,MONTH,A_01_073
P11,761410636092072-COMPUTER.mp4,COMPUTER,A_01_054
P11,35577698333107777-BOOK.mp4,BOOK,A_01_027
P11,9031167678491965-TEACHER.mp4,TEACHER,A_02_033
P11,1783184424273636-WANT 2.mp4,WANT1,E_01_025
P11,034197610787212396-THANK YOU.mp4,THANKYOU,H_02_053
P11,5013937943572526-TODAY.mp4,TODAY,E_02_006
P11,007817191326879414-HEAR 2.mp4,HEAR2,J_02_006
P11,16555523752468826-DOCTOR 2.mp4,DOCTOR2,K_03_015
P11,8232402604425779-FAST.mp4,FAST,C_03_016
P11,21963390619756917-STOP.mp4,STOP,D_01_010
P11,4958280251317906-THINK.mp4,THINK,C_03_053
P11,823557454867716-SMALL.mp4,SMALL,D_01_030
P11,5384324732130294-WHAT 2.mp4,WHAT1,D_02_094
P11,3092600247058199-FEW.mp4,FEW,C_02_067
P11,4857383003944977-COUNTRY.mp4,COUNTRY,C_03_058
P11,826349513489413-COME.mp4,COME,C_03_074
P11,41981255125221795-WRITE.mp4,WRITE,D_01_051
P11,8633626998344772-BUY.mp4,BUY,D_03_074
P11,277411898657703-HATE.mp4,HATE,F_02_078
P11,4455329487942934-HOT.mp4,HOT,F_02_093
P30,3767477626817557-HEAR 2.mp4,HEAR2,J_02_006
P30,17739038525544482-DOCTOR 2.mp4,DOCTOR2,K_03_015
P51,10278942340284503-MOTHER.mp4,MOTHER,B_02_008
P51,40650743753988783-SLOW.mp4,SLOW,B_02_041
P51,6960348427524927-BROTHER.mp4,BROTHER,B_01_065
P51,5492826506245938-PEOPLE.mp4,PEOPLE,C_01_009
P51,7204189741125551-FINISH.mp4,FINISH,B_03_025
P51,5795194739836211-FATHER.mp4,FATHER,B_01_077
P51,845411153644452-FAMILY.mp4,FAMILY,C_01_025
P51,09933901999031058-SORRY.mp4,SORRY,C_01_020
P51,1526741914242873-DAY.mp4,DAY,C_01_044
P51,3622473804574782-HUNGRY.mp4,HUNGRY,C_01_010
P51,6074653310860545-BORED.mp4,BORED1,B_01_017
P51,5586839450092025-GOOD.mp4,GOOD,B_01_052
P51,16584929726965836-LEARN.mp4,LEARN,B_01_042
P51,8606245351023674-MAN.mp4,MAN,C_01_040
P51,4195498717382553-FEEL.mp4,FEEL,C_02_001
P51,7219560821026212-WHEN.mp4,WHEN,C_03_086
P51,13635874572819362-LATER.mp4,LATER,D_01_077
P51,17987836792170242-YOU.mp4,YOU,D_02_065
P51,4804674718153057-BIG.mp4,BIG,F_02_054
P51,8462169466967213-NICE.mp4,NICE,G_03_059
P51,9375717470846778-WE.mp4,WE,G_03_019
P51,6613716577421236-NEED.mp4,NEED,C_02_034
P51,8822549298208633-NOW.mp4,NOW,C_03_062
P51,9662843888411099-TELL.mp4,TELL,C_02_013
P51,04762206287810322-YESTERDAY.mp4,YESTERDAY,D_01_024
P51,9979731168048327-NO.mp4,NO,C_03_041
P51,8216608296506718-GIRL.mp4,GIRL,C_03_073
P51,09887530039630343-EASY.mp4,EASY,D_01_070
P51,24588896302009067-SCHOOL.mp4,SCHOOL,C_03_089
P51,17842874277547338-MEET.mp4,MEET,D_02_018
P51,11392442549712078-FRIEND.mp4,FRIEND,D_03_010
P51,58848628569082-CAR.mp4,CAR,D_02_043
P51,9562543654398907-STUDY.mp4,STUDY,G_01_090
P51,5889788123407595-OK.mp4,OK,F_03_080
P51,011504158671063802-TAKE.mp4,TAKE,G_01_093
P27,9076139907774032-TOMORROW.mp4,TOMORROW,F_02_040
P27,6617030061900606-ALWAYS.mp4,ALWAYS,J_03_076
P27,5148458874034276-WOMAN 2.mp4,WOMAN2,K_01_101
P27,6275909006677276-DRINK 2.mp4,DRINK2,K_03_092
P27,775115376734139-BOY.mp4,BOY,B_02_090
P27,43948877742808024-SISTER.mp4,SISTER,D_03_050
P28,52182646297618-TOMORROW.mp4,TOMORROW,F_02_040
P28,470893402841307-ALWAYS.mp4,ALWAYS,J_03_076
P28,06007283346694203-WOMAN 2.mp4,WOMAN2,K_01_101
P28,5545319318865305-DRINK 2.mp4,DRINK2,K_03_092
P27,519798886156041-DIFFERENT.mp4,DIFFERENT,E_03_095
P27,5219312017252113-WELCOME 2.mp4,WELCOME1,
P27,053732365300724894-HE.mp4,HE,F_02_044
P27,8416382602074572-NIGHT.mp4,NIGHT1,A_01_003
P27,824059965479031-STUDENT.mp4,STUDENT,A_02_012
P51,6400788027798874-PLEASE.mp4,PLEASE,B_02_007
P51,09379414966671162-WHERE.mp4,WHERE,B_02_035
P51,9399917763577323-FINE.mp4,FINE1,C_01_043
P51,7267227999834953-MORE.mp4,MORE,B_03_032
P51,04474861287948073-HARD.mp4,HARD,C_01_036
P51,33232019825309056-TIME.mp4,TIME,B_02_080
P51,5140062329277526-YEAR.mp4,YEAR,B_02_015
P51,5226718196575102-WHICH.mp4,WHICH,B_01_088
P51,14452193915198386-WHO.mp4,WHO,C_01_041
P51,8056429568724497-MAYBE.mp4,MAYBE,B_03_022
P51,7680995774148371-NAME.mp4,NAME,D_01_021
P51,3866568461228612-WHY.mp4,WHY,D_01_067
P51,081380748015633-HELLO.mp4,HELLO,D_02_055
P51,47159683708396893-WANT 2.mp4,WANT1,E_01_025
P51,6912280773625425-THANK YOU.mp4,THANKYOU,H_02_053
P30,4865367417269335-BOOK.mp4,BOOK,A_01_027
P30,012877022575290109-MOTHER.mp4,MOTHER,B_02_008
P30,5383225299562702-SLOW.mp4,SLOW,B_02_041
P30,010035178979511006-BROTHER.mp4,BROTHER,B_01_065
P30,22982415747606044-PEOPLE.mp4,PEOPLE,C_01_009
P30,44957906361977806-FINISH.mp4,FINISH,B_03_025
P27,4590507834698916-MONTH.mp4,MONTH,A_01_073
P27,1721318474519251-COMPUTER.mp4,COMPUTER,A_01_054
P27,6080643843120164-FATHER.mp4,FATHER,B_01_077
P27,1654484908904772-FAMILY.mp4,FAMILY,C_01_025
P27,29761682879368934-SORRY.mp4,SORRY,C_01_020
P27,8036762359057699-DAY.mp4,DAY,C_01_044
P27,47262000245136493-HUNGRY.mp4,HUNGRY,C_01_010
P27,8614930353819172-BORED.mp4,BORED1,B_01_017
P27,8259197203871462-GOOD.mp4,GOOD,B_01_052
P27,6919715917732598-LEARN.mp4,LEARN,B_01_042
P27,5803263321986141-MAN.mp4,MAN,C_01_040
P27,2818424396791055-FEEL.mp4,FEEL,C_02_001
P27,21722735480722832-WHEN.mp4,WHEN,C_03_086
P27,7917571111180717-LATER.mp4,LATER,D_01_077
P27,011246893774733424-TAKE.mp4,TAKE,G_01_093
P27,05300176493024167-HAPPY.mp4,HAPPY,C_03_078
P27,30148795754394175-EAT.mp4,EAT1,B_02_002
P27,39992598966476045-COLD.mp4,COLD,C_02_068
P27,1178260244339504-YOUR.mp4,YOUR,F_01_052
P27,5250420040806927-BOOK.mp4,BOOK,A_01_027
P27,7405117602485298-TEACHER.mp4,TEACHER,A_02_033
P27,9960146118001314-PLEASE.mp4,PLEASE,B_02_007
P27,8969965061622676-WHERE.mp4,WHERE,B_02_035
P27,19866027442823042-FINE.mp4,FINE1,C_01_043
P27,013724247293201763-MORE.mp4,MORE,B_03_032
P27,5535612670971382-HARD.mp4,HARD,C_01_036
P27,13296834273169988-TIME.mp4,TIME,B_02_080
P27,8410349218008399-YEAR.mp4,YEAR,B_02_015
P27,3273120364218567-YOU.mp4,YOU,D_02_065
P27,46877398582210783-BIG.mp4,BIG,F_02_054
P27,32941176670637984-YES.mp4,YES,G_03_074
P27,10937148917795914-SLOW.mp4,SLOW,B_02_041
P27,22666524686508982-BROTHER.mp4,BROTHER,B_01_065
P27,9116126321060016-FINISH.mp4,FINISH,B_03_025
P27,13862091664987353-WHICH.mp4,WHICH,B_01_088
P27,21560081346679438-WHO.mp4,WHO,C_01_041
P27,7214939757364489-MAYBE.mp4,MAYBE,B_03_022
P27,9851992475740963-NAME.mp4,NAME,D_01_021
P27,9579391541087037-WHY.mp4,WHY,D_01_067
P27,5254351100197965-HELLO.mp4,HELLO,D_02_055
P27,7042507210235693-NICE.mp4,NICE,G_03_059
P27,2541378389097124-WE.mp4,WE,G_03_019
P27,21362573588805733-MOTHER.mp4,MOTHER,B_02_008
P27,6422741339339251-MONTH.mp4,MONTH,A_01_073
P27,963069598059435-COMPUTER.mp4,COMPUTER,A_01_054
P27,8871645570624382-EASY.mp4,EASY,D_01_070
P27,011053589241707185-BYE.mp4,BYE,E_01_058
P27,27585193409220743-BUSY.mp4,BUSY,E_02_040
P27,6108042704274992-LIKE.mp4,LIKE,F_03_063
P27,4163876725261626-THEY.mp4,THEY1,F_02_103
P27,5682298889624979-EVERYTHING.mp4,EVERYTHING,F_03_084
P30,6653998713693257-BUY.mp4,BUY,D_03_074
P30,42916703364694087-HATE.mp4,HATE,F_02_078
P30,7060265642402466-HOT.mp4,HOT,F_02_093
P30,4582628988743378-OK.mp4,OK,F_03_080
P30,24298622199216324-GIVE.mp4,GIVE,F_01_023
P30,8562967503282453-TAKE.mp4,TAKE,G_01_093
P30,09163677816779625-TOMORROW.mp4,TOMORROW,F_02_040
P30,690883161151304-DIFFERENT.mp4,DIFFERENT,E_03_095
P30,21910015697276863-WELCOME 2.mp4,WELCOME1,
P30,36127965984007426-NIGHT.mp4,NIGHT1,A_01_003
P30,03884623593153802-BIG.mp4,BIG,F_02_054
P14,5200060362971033-BOY.mp4,BOY,B_02_090
P14,2907662588756057-SISTER.mp4,SISTER,D_03_050
P14,634315397642317-HE.mp4,HE,F_02_044
P14,7982676856318318-STUDENT.mp4,STUDENT,A_02_012
P14,31962433444331007-TEACHER.mp4,TEACHER,A_02_033
P14,4553052443604353-LATER.mp4,LATER,D_01_077
P52,8792539783717879-seedBOY.mp4,BOY,B_02_090
P52,9049167353256697-seedSISTER.mp4,SISTER,D_03_050
P52,09872039306873526-seedHAPPY.mp4,HAPPY,C_03_078
P52,36220708618174635-seedEAT.mp4,EAT1,B_02_002
P52,6113894949381462-seedCOLD.mp4,COLD,C_02_068
P52,7663640970446304-seedYOUR.mp4,YOUR,F_01_052
P52,2647850986169875-seedDIFFERENT.mp4,DIFFERENT,E_03_095
P52,5993156187859765-seedWELCOME.mp4,WELCOME1,
P52,9892417590385312-seedHE.mp4,HE,F_02_044
P52,9866531023861207-seedNIGHT.mp4,NIGHT1,A_01_003
P52,952322325480462-seedSTUDENT.mp4,STUDENT,A_02_012
P52,24817781309767417-seedMONTH.mp4,MONTH,A_01_073
P52,4727132427511347-seedCOMPUTER.mp4,COMPUTER,A_01_054
P52,570638014197151-seedBOOK.mp4,BOOK,A_01_027
P52,7100079576099068-seedTEACHER.mp4,TEACHER,A_02_033
P52,5651079602343521-seedMOTHER.mp4,MOTHER,B_02_008
P52,8283430727088621-seedSLOW.mp4,SLOW,B_02_041
P52,049689800905120096-seedBROTHER.mp4,BROTHER,B_01_065
P52,49152673991584006-seedPEOPLE.mp4,PEOPLE,C_01_009
P52,7530930644508076-seedFINISH.mp4,FINISH,B_03_025
P52,01723835388117645-seedFATHER.mp4,FATHER,B_01_077
P52,4672560255302298-seedFAMILY.mp4,FAMILY,C_01_025
P52,9992716034642337-seedSORRY.mp4,SORRY,C_01_020
P52,18566632058805044-seedDAY.mp4,DAY,C_01_044
P52,7117735182398317-seedHUNGRY.mp4,HUNGRY,C_01_010
P52,35236694945499547-seedBORED.mp4,BORED1,B_01_017
P52,06635586886652112-seedGOOD.mp4,GOOD,B_01_052
P52,6871798036853238-seedLEARN.mp4,LEARN,B_01_042
P52,3934957835832569-seedMAN.mp4,MAN,C_01_040
P52,7325783143716607-seedFEEL.mp4,FEEL,C_02_001
P52,47017724784893633-seedPLEASE.mp4,PLEASE,B_02_007
P52,35445730348954285-seedWHERE.mp4,WHERE,B_02_035
P52,4099076842496614-seedFINE.mp4,FINE1,C_01_043
P52,7570971556194199-seedMORE.mp4,MORE,B_03_032
P52,9681653772573444-seedHARD.mp4,HARD,C_01_036
P52,9956589338184496-seedTIME.mp4,TIME,B_02_080
P52,504864922087114-seedYEAR.mp4,YEAR,B_02_015
P52,3903052006623524-seedWHICH.mp4,WHICH,B_01_088
P52,6723858714545425-seedWHO.mp4,WHO,C_01_041
P52,8618010888532455-seedMAYBE.mp4,MAYBE,B_03_022
P52,03294491784477094-seedNAME.mp4,NAME,D_01_021
P52,009620790877519658-seedWHY.mp4,WHY,D_01_067
P52,180739946524912-seedHELLO.mp4,HELLO,D_02_055
P52,1633964553032412-seedWHEN.mp4,WHEN,C_03_086
P52,30805345809736084-seedLATER.mp4,LATER,D_01_077
P52,24903533651693976-seedYOU.mp4,YOU,D_02_065
P52,9691488194951674-seedWANT 2.mp4,WANT1,E_01_025
P52,08906569344299342-seedBIG.mp4,BIG,F_02_054
P52,49809048156268143-seedNICE.mp4,NICE,G_03_059
P52,2803881528625629-seedWE.mp4,WE,G_03_019
P52,3790733585897841-seedTHANK YOU.mp4,THANKYOU,H_02_053
P52,8172430267718573-seedNEED.mp4,NEED,C_02_034
P52,720220390455963-seedNOW.mp4,NOW,C_03_062
P52,446997652979815-seedTELL.mp4,TELL,C_02_013
P52,32422661024484234-seedYESTERDAY.mp4,YESTERDAY,D_01_024
P52,2688720555507844-seedNO.mp4,NO,C_03_041
P52,7378954373262288-seedGIRL.mp4,GIRL,C_03_073
P52,8364470069705872-seedEASY.mp4,EASY,D_01_070
P52,31124426927980275-seedSCHOOL.mp4,SCHOOL,C_03_089
P52,7888326089465008-seedMEET.mp4,MEET,D_02_018
P52,04656481067971696-seedFRIEND.mp4,FRIEND,D_03_010
P52,5571540385430789-seedCAR.mp4,CAR,D_02_043
P52,4567979691425712-seedBYE.mp4,BYE,E_01_058
P52,9645236996179434-seedBUSY.mp4,BUSY,E_02_040
P52,6263439546385057-seedLIKE.mp4,LIKE,F_03_063
P52,043586308791437656-seedTHEY.mp4,THEY1,F_02_103
P52,17608451567927852-seedEVERYTHING.mp4,EVERYTHING,F_03_084
P52,5411960050409668-seedTODAY.mp4,TODAY,E_02_006
P52,6507691323282758-seedSTUDY.mp4,STUDY,G_01_090
P52,4632981764865789-seedCITY 2.mp4,CITY2,K_02_076
P52,7642911134092343-seedGO.mp4,GO,C_03_056
P52,9139842022194566-seedALL.mp4,ALL,C_03_088
P52,8835516863640922-seedHOW.mp4,HOW1,D_02_082
P52,12009251789151532-seedBABY 2.mp4,BABY2,K_01_042
P52,9217931281266674-seedHEAR 2.mp4,HEAR2,J_02_006
P52,3346126351079055-seedDOCTOR 2.mp4,DOCTOR2,K_03_015
P52,734159114912059-seedFAST.mp4,FAST,C_03_016
P52,9191814085149543-seedSTOP.mp4,STOP,D_01_010
P52,27099967632967203-seedMONEY 2.mp4,MONEY2,K_01_104
P52,7685362331587309-seedREMEMBER.mp4,REMEMBER2,C_02_014
P52,8530152644522973-seedSEE.mp4,SEE,C_02_030
P52,8297693398493142-seedNEVER.mp4,NEVER,C_02_079
P52,7309761535441566-seedTHINK.mp4,THINK,C_03_053
P52,4730005203157246-seedSMALL.mp4,SMALL,D_01_030
P52,43147199471175535-seedWHAT 2.mp4,WHAT1,D_02_094
P52,39482264925413-seedFEW.mp4,FEW,C_02_067
P52,036013257254642106-seedCOUNTRY.mp4,COUNTRY,C_03_058
P52,010997145882042814-seedCOME.mp4,COME,C_03_074
P52,5450162845815001-seedWRITE.mp4,WRITE,D_01_051
P52,43682294935479304-seedBUY.mp4,BUY,D_03_074
P52,5197712646782284-seedHATE.mp4,HATE,F_02_078
P52,5217798939791332-seedHOT.mp4,HOT,F_02_093
P52,8365211156949848-seedOK.mp4,OK,F_03_080
P52,3730777319546914-seedGIVE.mp4,GIVE,F_01_023
P52,8143899247512181-seedTAKE.mp4,TAKE,G_01_093
P52,4172907858857664-seedTOMORROW.mp4,TOMORROW,F_02_040
P52,6358167662084229-seedYES.mp4,YES,G_03_074
P52,6543700697877204-seedALWAYS.mp4,ALWAYS,J_03_076
P52,9794477216535626-seedWOMAN 2.mp4,WOMAN2,K_01_101
P52,40985347259199356-seedDRINK 2.mp4,DRINK2,K_03_092
